9.533674685,11.86124431,12.70254704,17.6425282,18.21368197,18.24886688,18.31705449,18.61583017,18.65696566,20.04184213,21.15219041,22.69530088,,,,,,,,
5.124113969,8.28591379,10.37715434,13.46616151,13.76045695,15.46616151,16.46798745,17.07335096,17.37061521,18.29707779,,,,,,,,,,
4.542183486,14.01339344,14.95743141,15.70471869,16.16207303,16.18424102,17.27080902,17.89753683,19.87274226,21.56652328,,,,,,,,,,
0.094073196,4.633479013,6.173741407,11.42811089,12.86281266,14.71829234,14.81818665,,,,,,,,,,,,,
11.15947067,11.29676749,12.62206604,14.19270958,15.22377486,16.03608845,18.17869157,18.95626875,21.12464338,21.28968909,23.31917432,,,,,,,,,
0.03501048,2.147865529,9.42142046,10.95892129,14.34113411,14.49634047,18.16518327,,,,,,,,,,,,,
3.777506802,5.124777163,11.71041768,12.52770405,14.87453641,15.68796187,16.38479394,17.0802419,17.217896,20.68386671,21.35084568,,,,,,,,,
1.563766804,9.785044251,10.91453444,11.20100092,12.98228481,13.5013107,14.05038219,14.83094319,17.76942775,17.88642964,18.30306842,18.97843196,19.69043274,21.77660042,23.53189566,23.94031011,,,,
6.227480297,8.703734269,13.16907287,14.75717912,15.93122282,16.13274573,16.16931779,16.54743503,17.62966141,20.73477528,,,,,,,,,,
2.659522071,3.250900611,3.484026958,9.688888915,9.766454488,11.04502807,11.20893124,16.74440106,16.83446826,17.52899092,17.61962019,19.40231306,20.60063059,,,,,,,
1.936455676,2.592484697,3.981606814,15.42053059,15.47375954,15.85219249,17.50082735,17.97156278,18.15331204,18.63988729,23.41325118,,,,,,,,,
0.142548133,11.19065831,12.62620973,12.72149836,14.97021174,15.51953034,15.60185436,17.53817869,18.96822079,,,,,,,,,,,
8.102920742,8.241089773,11.24987271,12.81422553,15.36895709,17.2178372,17.61440456,17.67376997,20.64812548,20.66332832,23.1121379,23.69643355,,,,,,,,
0.399321033,9.550462222,11.17586673,12.42174662,12.4373803,12.9026465,13.50128611,15.00325669,15.68246532,17.16068721,17.34626634,17.46672182,19.4303584,19.91253096,22.04886682,23.38257344,,,,
4.871532894,8.339755555,12.06304211,13.76410199,14.94082101,15.09418762,15.76693608,16.18426217,16.28284356,21.35113142,,,,,,,,,,
2.992331819,8.440735812,10.84582756,11.14778758,12.19528019,14.25674057,17.47943813,17.84249696,20.25906482,21.44494568,,,,,,,,,,
0.824996451,6.18796759,10.80714708,12.75544808,13.30131516,14.04286381,14.67954557,15.11792091,15.99851258,16.32552064,20.74320905,22.03394154,23.48368637,23.65506382,,,,,,
1.357402671,9.654585473,11.98478695,11.99258459,15.75278219,16.04957176,17.25829506,17.83690678,18.4876494,18.85674796,19.78158924,,,,,,,,,
10.38928447,11.6668484,11.69445099,13.31554121,13.93718115,15.96251339,16.15213747,17.83733057,19.00199813,23.73271578,,,,,,,,,,
8.199495381,10.31844681,12.04769243,14.50304078,15.33813784,15.71601889,16.39923911,16.78643595,18.70283774,18.75548832,,,,,,,,,,
8.021798009,9.703638831,12.15752095,15.53528116,16.44251631,16.81410233,17.18810923,20.1272886,23.69846803,,,,,,,,,,,
1.300828769,2.857408588,4.613518782,5.103069051,8.323367662,9.224386924,11.1243297,11.45209345,12.35925336,13.58777825,13.7647595,14.11639033,14.67997146,15.91710882,18.19175473,20.25580896,20.59784573,,,
12.70058153,13.68927617,14.26043624,14.80728058,15.38513549,18.91017642,19.30545333,22.6244505,,,,,,,,,,,,
0.20072814,9.37110612,10.29548603,11.62139975,12.53601896,15.08872366,17.99224933,18.06927323,23.3828475,23.38328822,23.92525701,,,,,,,,,
8.906503494,10.65470764,11.03445477,11.51432496,19.14400548,20.74398293,,,,,,,,,,,,,,
11.41202745,12.09717005,13.02926133,16.57188071,17.63912602,20.25744351,,,,,,,,,,,,,,
5.902451302,7.590695207,9.802200945,10.99148036,14.04391973,14.49936458,15.04795527,15.59264031,15.60804388,16.81129158,17.65730178,17.96840853,19.53747095,22.120121,22.5399262,23.62562398,,,,
4.31882843,9.404398208,13.1500644,13.3860787,14.68285676,15.49197503,17.6446085,18.58154458,18.85320711,19.95119848,22.14512347,22.73192711,,,,,,,,
11.39685068,14.41060537,15.57179803,15.90438831,16.19595304,18.31711842,18.60867919,19.2859995,20.63225633,20.72193042,20.75854964,20.85616048,,,,,,,,
1.084595884,8.79581249,9.691331561,10.50734416,10.8547456,14.72327406,14.75078788,14.82435514,15.09446969,15.40656687,17.86407644,17.92394354,18.64863765,21.39251776,21.97123206,22.18901048,,,,
2.623375977,6.276785823,9.592365549,11.17482435,11.96437535,14.59865389,15.11161577,15.63366507,17.64154155,18.91656669,19.32673675,22.1447616,23.79489262,,,,,,,
1.547331884,10.37417945,11.03226903,13.99119017,16.34488607,16.68827001,17.82534922,17.96477215,20.16059968,20.49734231,22.788699,23.95428523,,,,,,,,
15.27872524,15.29621982,16.19597106,18.08939793,22.87152685,,,,,,,,,,,,,,,
8.723882141,9.221622856,11.53442944,13.69999961,14.26013401,15.19070256,15.65085999,16.42284009,16.62623903,17.34843019,18.98527396,20.94598091,22.58182858,23.00642356,,,,,,
3.837902521,9.187761153,10.03225625,10.28823159,10.45835259,12.16787697,15.74067984,15.79968067,16.21912388,16.32875572,17.81662514,17.82263585,20.43671826,20.47226141,22.04382819,23.77650918,,,,
6.611588284,6.976598738,7.864973387,11.06833725,12.91554487,13.09936425,13.15642468,13.27522515,14.7613666,15.12705996,15.22575855,22.1749635,22.40475527,23.03273905,,,,,,
2.591658611,3.058006711,9.724835638,13.0114894,14.66856568,14.87235878,15.17057192,16.70101373,18.97257707,19.52161308,21.83417584,,,,,,,,,
1.020490264,11.22200477,15.58910097,16.73754978,17.45649073,17.87811308,18.33485304,18.57281761,21.75546536,,,,,,,,,,,
4.733687511,15.20382027,16.39849681,16.72144256,17.41015146,20.0779159,20.49515312,,,,,,,,,,,,,
11.52379354,12.27033123,12.53120503,13.9549656,14.68524824,15.13114523,17.26164534,18.96926356,20.73997694,22.80928434,23.64678026,,,,,,,,,
6.169641049,11.18078619,11.68208843,12.24662099,13.6674843,16.4119083,16.62376801,17.18868627,17.71101735,20.95906404,22.86782819,,,,,,,,,
1.076259758,3.459436482,3.997563108,7.661672546,8.244197554,10.24779484,12.10807375,12.64846363,15.03920078,16.19370341,16.34265403,19.77618608,23.66405219,,,,,,,
1.79539968,2.582981442,10.41875403,11.53184961,15.43426784,15.84085879,17.24251942,18.265271,18.76294108,18.79769465,21.23678787,23.83931198,,,,,,,,
10.0173991,11.2107382,12.18805773,12.2256654,13.02560229,14.44181696,14.72761477,18.3377338,19.29107609,23.88779327,,,,,,,,,,
0.047117139,0.290288135,10.61949653,11.42182429,13.66678355,15.16898159,15.2933841,16.39593131,16.46917163,21.09154188,,,,,,,,,,
10.15002862,13.27628326,14.40205895,14.76275438,16.2808302,16.30577314,16.72672111,17.2138426,18.196195,21.49753359,22.02872935,,,,,,,,,
4.011189584,6.728602365,12.65806188,16.2077913,17.76685674,19.18230352,19.55106198,21.03971109,,,,,,,,,,,,
15.15364227,17.41511052,17.4177969,18.34238091,18.45490301,19.10805399,20.70877119,23.57372713,,,,,,,,,,,,
9.569466943,10.06086,11.13784266,12.25586382,13.27471435,13.30201902,13.72362036,14.20330329,15.70895842,18.17208452,21.8980706,21.94742183,23.70493423,,,,,,,
0.023075317,3.518055207,5.281008356,6.148500776,11.91050978,13.79384336,14.52560318,15.62704461,16.1342112,16.93080295,17.54598304,17.88680545,18.59124739,18.96216772,18.98792535,19.36757829,19.54762988,22.48823296,,
7.640832677,10.98366694,11.43290221,11.58835912,14.38342755,15.46493501,16.6667838,18.61527621,18.64697432,21.85717689,,,,,,,,,,
0.080622939,1.591747808,8.838026955,11.12618038,11.85429341,13.51776249,13.9222266,14.42324097,16.25166794,16.68110257,19.58741857,21.93773516,22.84687563,23.74402358,,,,,,
7.868851546,12.48213016,16.72345524,19.045545,20.16884034,,,,,,,,,,,,,,,
0.348703407,5.287122355,12.1481258,12.96151764,13.65438845,14.56902388,17.70895646,17.97415282,18.60825328,19.46650332,,,,,,,,,,
8.565154307,10.34426555,12.22709377,12.69386795,12.91355883,13.62391034,16.43049544,16.54204317,18.9118305,19.59009481,,,,,,,,,,
10.12263919,12.81282537,15.20466248,15.26322606,17.94120573,18.6043599,,,,,,,,,,,,,,
8.317287747,12.50936331,13.80075909,15.06753561,15.21030682,17.9664976,17.97823175,18.81093311,,,,,,,,,,,,
0.259673831,0.302535829,1.26684942,11.18942851,11.77887101,15.42956709,15.66593316,15.83482575,16.2415977,17.03651512,18.07873591,19.01288068,20.06181321,21.04549736,22.99491229,23.19651494,,,,
3.011726934,9.628092424,9.961495763,9.964840603,16.49905483,16.53016687,17.76709309,18.99732255,19.36548939,22.83706579,23.87584095,,,,,,,,,
8.92038426,13.8455259,14.48871523,15.10545898,16.5311125,17.03842527,17.56471394,,,,,,,,,,,,,
11.0995471,11.35140334,11.70690609,11.94763729,14.03919526,14.91322877,16.04850358,17.57122153,17.70234581,19.41601913,21.15598196,23.42065832,,,,,,,,
4.131579055,9.287477545,11.14799367,11.83901732,12.22519901,14.51117376,14.54925414,14.59944287,16.23469583,18.95133944,23.42338459,,,,,,,,,
10.24128261,16.58436206,20.29816482,,,,,,,,,,,,,,,,,
9.551611504,11.70717971,12.09732355,13.24211962,13.44727431,13.85420273,14.19873747,15.03522813,15.47370505,15.73064041,15.86945337,18.80426561,19.62593347,20.06945045,20.82837548,21.21477271,22.74900988,23.29486045,,
5.283221519,11.10798649,11.59662314,13.79608854,15.28010332,17.85992254,23.67213356,,,,,,,,,,,,,
1.138951465,2.120937804,4.698856666,6.591985887,11.28079198,11.5446685,11.75092817,12.25027471,12.53483652,13.07321769,14.02954281,15.34453705,17.38702643,17.39632666,20.81291669,22.89810019,,,,
3.273172305,6.632830147,7.624662188,10.02203637,13.06003479,15.06838377,15.52273934,16.13299258,17.40683593,20.38950354,21.21230994,23.0737603,23.14925787,23.99910431,,,,,,
8.85683417,12.06653057,12.11254154,12.66304689,14.46028293,18.72160959,18.75995447,18.91225932,22.67523337,,,,,,,,,,,
10.01534327,10.40776054,11.93434679,12.83187301,13.1766173,13.62746481,13.62828244,15.30703432,15.83635942,16.31776407,17.0604286,19.6039687,20.28471985,,,,,,,
1.924501012,8.293559953,11.158901,12.1569357,14.38048981,15.03711026,15.91494667,16.11182589,16.69973878,18.67937472,20.77846113,,,,,,,,,
1.2691461,2.031273915,4.694990545,8.791873643,8.795182541,11.61986307,11.76959618,12.18961151,12.94889509,13.49070452,14.92342585,15.16046474,16.32054401,16.83193315,17.46549767,17.51048677,18.03999209,18.4457172,23.59316034,
1.631760342,14.00619201,14.7429053,14.97689357,,,,,,,,,,,,,,,,
1.663645632,2.899256981,8.723392455,15.5686494,18.40626061,19.11971922,19.19431197,20.04016384,22.89724388,23.12258987,,,,,,,,,,
6.507989038,8.761250774,9.49578033,10.21068688,14.28627386,14.37255155,14.61429846,14.81432202,17.98338438,21.84841008,22.0350859,23.56692688,,,,,,,,
14.15590604,15.64249015,16.59450359,17.34809323,18.12746343,18.67118298,19.53488796,19.94547533,20.21968127,20.7112144,20.79838475,,,,,,,,,
1.66484377,3.170577334,10.31980936,12.15083968,13.43633311,14.2595823,15.35456375,16.17325618,16.48926718,16.85927566,16.92641507,18.36736359,19.2642679,21.5068828,,,,,,
6.298928477,8.881054228,12.47394161,16.62586052,16.66525874,17.12591773,17.50133421,17.6505917,17.73696453,19.80060105,21.59680563,,,,,,,,,
0.061342706,0.068946192,0.976765959,2.568589857,3.578561648,10.08774045,11.97190224,13.15049296,14.35614139,16.39484749,18.25077382,18.66505715,19.79617065,21.23670275,23.98733403,,,,,
3.039460084,13.23690847,16.5535832,16.64036043,17.1815971,17.7449925,17.79745572,19.66405078,20.90708966,22.02795833,,,,,,,,,,
3.742386407,5.156051508,8.293291892,8.70642422,9.436828102,10.95243368,11.67621747,11.90516564,12.73877532,15.56070323,17.2736986,17.5129261,18.55365326,19.82653512,23.95367945,,,,,
0.126020923,3.780421191,15.42132256,17.21614401,20.39146547,22.68113635,23.0652777,,,,,,,,,,,,,
8.842524971,9.993127862,10.16551124,10.29785998,15.44328231,15.87344591,17.43177431,17.81214556,23.88395166,,,,,,,,,,,
6.646835737,9.975744899,10.29665679,11.41011251,11.95324392,12.71572022,13.65782723,13.66711419,13.89438466,14.49285532,15.24639517,15.58802638,16.05400835,17.21402272,20.8168809,23.03935827,,,,
10.03398975,14.40279351,14.62487053,16.64302125,16.98275702,18.63742104,23.28463113,23.94163538,,,,,,,,,,,,
10.15566519,11.52195517,14.70786263,16.83771331,16.95888496,23.83032758,,,,,,,,,,,,,,
2.560417369,2.807352694,4.786625268,10.89572521,13.85831612,16.12550708,17.15144285,18.05425331,18.3274909,20.37948154,,,,,,,,,,
13.74422929,17.54318972,19.3178989,20.42471181,23.55887726,,,,,,,,,,,,,,,
0.149656797,11.02987398,11.9262831,12.61995416,13.45879122,14.41185699,14.71243102,18.60570418,21.77573601,,,,,,,,,,,
9.897259307,12.27724854,16.03059041,17.55522939,17.64070854,17.87101764,18.7276532,19.07775925,19.75991199,,,,,,,,,,,
4.930985876,5.090980206,12.85874621,16.33822708,17.81674734,22.06986941,23.17213648,,,,,,,,,,,,,
16.22605671,18.30128536,18.90156016,19.10017815,21.16687639,22.02101533,,,,,,,,,,,,,,
1.730241825,3.015436378,9.099151975,11.37916655,13.50504869,13.63540857,17.37806117,19.34103723,22.49103002,23.72726754,,,,,,,,,,
3.246218579,10.91986446,17.09280614,18.70640815,19.7307789,21.20183923,,,,,,,,,,,,,,
5.744463146,8.297415606,8.323617816,9.095063717,9.321311638,10.48019223,12.7995765,14.2604274,15.46604379,16.50912168,17.77404847,19.98617173,20.61028645,20.78544478,21.70754498,,,,,
10.63391766,12.57523696,15.17663088,15.34967342,16.03315476,17.21580236,,,,,,,,,,,,,,
0.067259188,3.902147655,5.572856124,6.491126311,10.38289898,13.28251228,13.75991922,16.6750609,17.35308705,18.15844708,18.75226388,20.21016896,23.23247234,23.43659838,,,,,,
10.34484108,11.11152801,13.05232703,14.03482397,16.47493359,16.80898079,17.32527716,18.40875469,20.3369792,20.86664305,21.5140211,23.94548277,,,,,,,,
2.354877019,3.620319959,9.620366865,10.34395315,11.03464875,11.82887246,12.14431921,13.72775905,14.11475572,14.85649143,16.40431796,,,,,,,,,
0.057505572,12.53578237,15.3994222,15.4190304,16.5572137,18.25873908,19.01950419,20.75997307,21.58360341,,,,,,,,,,,
1.907773671,2.276323712,14.60214245,15.35260979,17.93704926,18.68078156,21.62662572,22.27443778,22.5816885,,,,,,,,,,,
10.77270427,11.60854748,11.85589737,12.74354386,13.45208836,14.53983337,15.7288491,16.42173696,16.61727212,17.20187042,17.20965334,18.39248551,19.51344923,20.52325521,22.45675905,,,,,
11.93862499,12.15103527,13.21648985,13.65996441,14.39768062,14.52316358,14.80379512,20.89318125,21.47061683,22.98081135,23.10272946,,,,,,,,,
3.338025256,6.356126086,7.114014808,10.86126405,13.92298164,15.47137875,15.61771226,16.45399992,17.05807004,17.90164683,18.62740232,21.02865277,,,,,,,,
12.73122942,13.59084838,14.52508796,14.54135747,15.82000733,16.06791545,16.22824319,19.45497818,21.18364133,21.2602609,,,,,,,,,,
0.743622562,1.952868943,12.52187259,14.42864897,16.65295351,22.38738977,23.24123808,,,,,,,,,,,,,
3.718905004,10.72533476,12.01792902,13.77246378,14.01988147,14.13719581,15.08392176,15.59800552,15.61916736,18.08415516,18.14826207,19.42531285,,,,,,,,
0.07670523,8.283685457,12.55307523,12.87727693,15.03988845,15.2316816,15.45778215,16.23229564,19.18149035,19.21248026,,,,,,,,,,
5.574740381,8.946201142,13.70915994,14.15509738,14.97826369,23.0360003,,,,,,,,,,,,,,
1.743717235,8.957977958,9.825323485,10.96685546,12.9901245,18.91903853,18.92893692,19.03647519,19.68831499,21.86587225,22.71326164,,,,,,,,,
1.646523638,2.807833182,4.159702674,9.271636678,10.86018475,11.04424458,11.83100244,12.89933483,16.10696187,17.05483821,18.51726753,19.76961288,20.30442267,20.39372857,20.7046369,22.63852505,22.95338935,,,
8.148937299,11.12263041,13.56203067,13.56230366,16.41884833,16.91988607,17.21223383,18.97830948,19.52152125,23.26276781,,,,,,,,,,
0.146213939,8.048284543,8.733252448,15.17263536,16.78715885,18.10563476,18.83322277,19.180455,,,,,,,,,,,,
9.336917338,12.36952193,14.9674456,16.92426425,17.92888795,18.48676584,18.69994898,19.25613864,,,,,,,,,,,,
10.78387953,11.6788837,13.22719015,16.03768568,16.38588916,17.24126394,17.2589798,22.29680014,23.24631889,23.69756109,,,,,,,,,,
0.110404006,8.059596842,9.898189607,9.965586966,11.60704308,11.71475946,15.94951361,16.82626473,19.23014563,19.9046292,22.03913369,23.84506652,,,,,,,,
4.317909647,12.74935704,13.82438988,14.62514776,15.97856628,16.01214478,16.33184996,16.7267078,18.66130169,19.45433683,20.4083706,20.882139,23.62980932,23.80851774,,,,,,
0.537225059,1.044091624,9.378950121,10.3710942,11.22167508,12.07277463,18.06693201,18.26425922,18.64148474,18.9743075,20.20141329,20.92505538,22.59260458,23.99456474,,,,,,
13.42401718,19.72828062,19.99255862,20.65343224,23.72616254,,,,,,,,,,,,,,,
2.192510431,4.812957421,11.29517417,11.84800055,15.25568307,17.31144824,18.35876924,18.53085641,19.92661186,23.82742061,,,,,,,,,,
0.182647473,12.64475398,15.41408176,16.80947415,17.09137491,18.38164447,18.73981076,19.30235362,23.97031903,,,,,,,,,,,
0.365166401,11.45510847,11.9169913,14.07807465,21.05912249,21.74053276,23.57440184,,,,,,,,,,,,,
1.603378121,3.570637265,13.53112989,13.98060909,15.20575373,15.74222486,16.28867488,17.09901893,17.66486434,18.85277674,18.94430507,19.31765457,20.42866751,20.55315008,21.29061443,21.38630044,22.48147966,23.36341799,,
2.768531417,8.841866652,12.4918363,13.53264615,13.97287659,14.54282866,14.79644725,15.86391567,18.2132173,18.3452553,19.30534477,19.58108467,20.79949079,23.36198175,,,,,,
9.389197414,11.74813642,13.12137515,14.6277615,15.74875346,15.81024552,16.40486331,,,,,,,,,,,,,
11.74349545,12.53826892,13.73676104,15.13027866,15.40215722,15.40743871,16.69235382,17.95378093,18.46759346,19.48773077,20.43424441,21.27065292,21.48714118,21.82284396,23.68221395,,,,,
5.845310567,6.232988717,11.14246347,11.82118468,13.5798852,14.22728729,16.59699987,18.70456222,19.43149122,19.56481743,20.0257911,20.70120786,,,,,,,,
9.838432368,10.73102247,11.0865164,13.13294362,13.97858881,16.65430086,16.79080635,17.6500822,17.85039669,18.27058882,18.36117116,18.43301614,18.45931853,19.98158086,21.35053531,22.96412966,23.34549713,,,
3.006390265,8.745334988,10.76388584,11.93702302,12.47911055,13.36752643,13.87940062,17.10557229,22.6181464,,,,,,,,,,,
2.955813588,4.347291593,5.697010834,9.549217125,11.99791716,13.97367806,15.6462632,17.06170352,18.96772584,19.95681304,20.79077311,23.2868184,23.35000906,,,,,,,
9.733323147,10.38207458,11.28140014,11.5387913,11.98410465,13.85001147,15.03953759,15.657462,17.20054247,,,,,,,,,,,
11.02451472,11.52281411,13.8657438,15.18331969,16.33675838,16.46148,16.8129068,,,,,,,,,,,,,
0.342692343,1.297348525,2.997944639,7.666849972,11.13057072,11.18816872,14.35698098,16.02118457,17.22619125,17.41454407,18.59403367,19.19682582,20.2180241,20.45217226,20.66207385,20.97036679,,,,
2.721417468,9.037413022,14.1524899,15.04295236,16.60668754,22.71528578,23.51249327,,,,,,,,,,,,,
7.067425784,8.67976136,10.03874154,10.57262955,11.29570396,11.83530749,13.13179593,14.07172597,14.67410638,15.55141073,18.05045311,21.16479099,21.23861822,,,,,,,
3.291509624,4.504365078,10.27459172,11.63755263,15.45185269,16.39233468,17.46683709,18.31740688,23.41515744,,,,,,,,,,,
0.557647686,3.623568328,11.83889043,12.95804142,13.50028215,13.92187638,16.02555044,17.50534545,,,,,,,,,,,,
8.608734173,8.876675488,13.75239196,14.38961787,14.81468405,18.17473763,22.76460845,23.59278312,,,,,,,,,,,,
9.589085881,11.14930068,11.35875726,13.01541353,13.90516382,16.29814972,16.4164958,23.8955335,,,,,,,,,,,,
7.046380013,9.086049592,9.096363548,10.13658251,11.44373308,11.77121001,13.68865132,14.01246509,15.91199006,16.68844598,17.68894528,18.59844894,18.91144902,20.20939076,20.68354487,21.30348751,,,,
10.90800411,11.86524945,14.89539343,14.94811296,15.68871758,16.15934856,17.45694656,,,,,,,,,,,,,
5.259830847,9.057440976,9.13431388,13.32261843,13.58723647,15.26361283,16.44193006,17.78545439,18.20772446,20.18925614,23.33426172,,,,,,,,,
6.463390193,9.164488051,11.5260654,12.00275943,12.66754949,14.09552721,15.16474304,16.17964604,16.48675294,17.25253972,18.12995201,18.18023574,18.87235676,18.90571213,19.37532795,23.30145458,,,,
0.24365761,8.950778059,13.16482171,13.4137775,14.20826504,14.25063701,15.52157462,19.88583313,,,,,,,,,,,,
4.320292195,8.728729516,9.980473045,12.57284584,,,,,,,,,,,,,,,,
0.629985303,5.28257384,7.019426959,8.502902287,9.415074091,13.37350208,17.50968487,19.81697999,23.19829166,,,,,,,,,,,
3.463009978,4.937912446,12.43485459,13.33646362,13.83453464,16.32730894,,,,,,,,,,,,,,
16.88199927,17.88686401,18.3968322,20.49062819,21.70915244,,,,,,,,,,,,,,,
1.243178639,3.857366639,10.87966958,13.33089168,13.54241034,14.37745194,14.45779032,14.50482791,14.74542148,15.05204619,15.62061481,16.23305989,16.63378673,18.97491362,20.65131218,,,,,
8.369202706,11.56146001,12.72842181,14.1133682,15.32876631,17.9464342,17.99450112,18.55497731,19.01309777,23.29993223,,,,,,,,,,
0.898512347,11.89840121,12.53620502,16.36956901,16.96184221,17.32177662,17.61616749,22.5681702,23.02091077,,,,,,,,,,,
2.068045621,8.269342671,11.95182262,12.21037798,12.89562217,13.58515014,14.66293206,16.74115169,17.124688,17.14741365,23.97764461,,,,,,,,,
4.632603921,5.403777024,7.231885318,9.971255141,11.18966958,14.13585354,14.93777158,22.37168674,,,,,,,,,,,,
9.414776888,11.59090017,13.80221201,16.94522765,19.84064628,20.64033888,22.80986868,22.94457133,,,,,,,,,,,,
8.641989947,9.67268607,11.7444659,14.67303033,15.42621894,16.09163593,16.15697427,16.32837353,16.33884586,16.58229239,16.97877984,19.0231869,,,,,,,,
1.070030581,6.879198769,10.90043405,10.98086047,13.36505258,15.17715561,15.96812236,16.58303563,18.31263648,19.22686745,19.49946685,19.75061053,21.70085045,,,,,,,
10.61662015,12.60262724,14.69502963,15.24051124,15.65118926,16.04383659,16.69389293,17.57635178,19.27634107,20.59330698,21.61370283,22.73237179,,,,,,,,
1.39489283,4.752163703,9.671682896,11.72348155,13.39612609,14.44232161,16.47309156,17.82018891,19.59081499,23.0289134,23.68463671,23.84191328,,,,,,,,
8.698418337,9.078039184,10.28166751,11.53075313,12.83286773,13.01783953,16.01991747,17.4308054,17.81759895,23.57454089,,,,,,,,,,
10.53561555,11.51259917,11.80070259,12.54972544,13.68719348,14.13511569,17.73003396,20.02754075,22.66700561,,,,,,,,,,,
7.826600356,9.622658351,15.45505341,16.57024766,17.21386472,17.60073894,17.61409403,18.48471111,18.58073161,19.41624756,23.73394215,,,,,,,,,
4.564086628,9.082477505,15.0547417,15.52780928,15.92914156,16.58395451,16.79974743,23.08021362,,,,,,,,,,,,
1.832499756,8.161625488,9.362694882,9.700200964,10.48110928,11.1580536,13.67562533,14.12544544,14.37950458,16.75702771,17.07869164,17.69943822,17.85926817,18.46011618,19.14892827,22.58674631,,,,
0.024300696,10.63599774,12.48778462,15.42623772,15.96274572,18.61834269,22.6221526,23.88757511,,,,,,,,,,,,
3.451728703,11.33605515,12.36516996,12.47955838,13.63987947,14.48369887,14.80552756,15.28046633,15.59291839,17.09922329,17.24590851,,,,,,,,,
0.979103837,2.547859876,8.069416005,9.81612675,11.31214149,13.38773743,14.29159882,14.53910937,15.65345455,15.74192339,15.95983761,16.64326321,16.86809243,16.97406499,18.60309389,18.77251364,18.83362335,20.18780272,21.71398248,
0.323199888,7.546359436,8.666780733,10.68663394,13.54651722,16.95568826,18.94172661,19.27265409,20.2190418,23.33903274,,,,,,,,,,
3.686091211,13.20166979,14.22797093,14.59139582,16.16295548,16.91029195,18.24897104,20.84105698,,,,,,,,,,,,
0.886353903,1.351780312,2.203912789,2.397057808,11.36663846,14.65581621,15.51645732,16.25910121,16.65459791,16.6642577,17.13960555,17.49957791,20.22079204,23.94945488,,,,,,
0.349421565,0.621722216,3.725216552,10.20150671,10.87515871,12.57859302,13.84047886,14.33014859,15.71150367,17.62474957,17.69973298,17.81457934,17.99598006,18.14171269,21.03268547,,,,,
3.078346362,8.717032874,9.371510536,11.40941876,13.06901423,15.04880549,23.93273826,,,,,,,,,,,,,
0.596410653,1.004908986,12.25989403,14.14897098,15.35214092,19.40015392,21.45083446,,,,,,,,,,,,,
8.753553339,10.24812428,10.75464858,12.1308687,13.01792566,15.21492458,15.79507095,16.12831755,17.06555929,18.41790779,18.82333595,21.92157676,23.02756291,23.81697846,,,,,,
3.592290761,16.98758219,16.99195401,17.84559907,22.30837509,,,,,,,,,,,,,,,
4.413346844,10.39354058,11.82882172,12.2679301,14.01605011,14.31071147,14.84914401,17.16701688,17.33156786,17.48634979,18.17721154,18.84851778,19.77154796,20.0649804,23.66557446,,,,,
6.990210004,10.59589498,12.3053984,14.23721487,14.23836357,18.14530191,18.2927618,18.733366,20.52848926,23.51192373,,,,,,,,,,
0.399869482,9.813423105,11.09716864,12.73534472,15.10700828,15.90911307,23.00913507,23.52504722,,,,,,,,,,,,
9.5855787,13.53416671,14.49128174,15.69272637,15.79303682,17.79513029,20.74704459,23.15746788,,,,,,,,,,,,
13.73595357,15.86779165,16.01373041,16.79804492,17.2245417,17.49813712,22.91721332,,,,,,,,,,,,,
3.270895861,12.02623965,12.62796011,13.01905094,13.71944365,13.80379148,15.79295732,17.1374391,,,,,,,,,,,,
11.08168937,13.93675716,14.35103207,16.1355639,17.21557091,17.81970961,17.95754319,18.33181864,21.17156744,21.25381888,22.66740538,,,,,,,,,
0.216351132,4.149848057,10.39599804,10.98833737,17.07255005,17.50723618,18.85728174,20.15775358,23.42396505,,,,,,,,,,,
2.533717234,10.69533809,10.95708214,13.59071461,14.49098472,14.53552358,15.35125856,16.30816419,18.64019847,22.38996972,,,,,,,,,,
0.544958826,11.00382813,11.03908063,12.95653784,15.18160997,16.26463178,17.06420939,,,,,,,,,,,,,
0.00959552,4.796602916,8.779676016,11.58717601,12.42908315,16.26242738,19.07305398,,,,,,,,,,,,,
1.696573858,4.241724383,8.221244149,11.81617927,13.43790742,14.44474335,14.62501851,20.14065822,23.46400317,,,,,,,,,,,
0.836358456,9.412019957,11.19162484,11.39817649,11.98954031,12.61222321,12.73063951,13.02910127,15.13198391,17.71116697,19.89599561,21.25366942,,,,,,,,
10.3669832,16.90423417,17.15552637,17.42658066,18.19942446,18.6847502,19.15074133,20.43949591,21.09518456,23.32439283,,,,,,,,,,
8.880696474,9.263201489,10.19091444,12.29417695,12.29755396,12.68245217,12.89850853,13.18456697,13.7045176,17.60166544,18.55149652,19.82899569,21.55782083,,,,,,,
2.784294692,10.59427881,12.85712066,18.0382488,18.71524025,18.79208145,18.812806,19.09415627,19.84414981,21.33123896,,,,,,,,,,
0.697725322,3.310160984,8.268879685,14.31251707,14.82925781,15.04875304,16.25672696,16.68724183,17.110188,19.50068022,23.57201312,,,,,,,,,
2.409664135,7.496220853,11.34674182,15.05549319,15.23282126,17.58544843,20.15494103,22.21151097,,,,,,,,,,,,
0.111199031,1.252447997,11.08132755,11.30675376,11.59386702,12.3139972,14.5807758,16.11186234,16.42058611,16.58495069,16.9273475,17.61678504,17.77690925,18.74018109,19.04556613,20.06643426,,,,
10.38545522,11.95126797,12.22817877,12.84601779,13.75982649,14.01053096,15.12827682,15.13577332,18.06199434,18.86578143,21.86743571,22.13562736,,,,,,,,
0.445596834,2.587857933,3.563923658,8.068339577,10.27174623,11.67735621,15.66519784,17.15556179,17.3161209,17.44013426,,,,,,,,,,
3.430688378,10.01661447,11.39001971,12.06430214,15.40607472,16.02934962,16.81613227,17.25928364,17.76700802,17.98713308,20.1799591,21.16520566,,,,,,,,
1.114182471,6.091291795,9.997384116,10.87641725,12.55240201,13.9440127,13.97797074,14.08117368,14.09578646,14.35481936,15.35499917,15.60652718,15.6851233,17.5838537,19.34202919,19.4756317,19.90504258,,,
4.287524691,4.828373169,9.510295893,12.62919451,12.94107193,13.48508945,14.82983897,15.23342255,15.28567279,15.99060049,16.31385898,16.53601284,16.71581671,22.2155144,23.89048584,,,,,
0.019777683,1.620612163,2.459469279,11.20725344,14.35116251,15.9719515,16.17728056,17.63484298,18.16396845,18.37767606,23.5263962,,,,,,,,,
3.94908191,9.60928851,9.991078961,11.10449691,13.35801344,13.61622905,13.94148413,14.41152685,14.67820008,15.0592003,15.18546741,15.39041035,15.42114938,16.27234909,18.98439609,21.02618689,21.18587077,21.22097581,23.92577904,
1.665290503,8.39582509,10.01016348,13.85978665,15.52964276,16.76597827,17.05775204,17.26041624,18.80436586,19.00844821,20.30250445,20.45776931,21.73621413,21.83965355,22.87968982,23.46704898,,,,
8.009221751,10.51853767,14.18472848,15.49775937,16.56738837,17.197295,19.28226641,23.0091406,23.14590095,,,,,,,,,,,
9.106057331,9.214770174,10.84641442,11.5839616,13.17312403,13.85952338,14.58140085,15.97715006,17.26234917,17.63206836,17.85683096,18.78021444,18.94234838,19.66803971,23.71737267,23.73944239,,,,
10.57163405,11.84384407,12.46918582,14.41597409,14.53323941,14.72248574,16.8514413,17.39666488,18.12482791,19.60970999,20.78241497,23.46052384,,,,,,,,
0.714214601,1.377428601,14.8038677,16.82302402,16.91626738,20.85239685,21.06972124,22.44428791,23.82930879,,,,,,,,,,,
0.734613934,8.926652754,10.63641644,11.08681021,13.50965841,14.23007886,14.56320679,15.98505459,18.10283969,18.28015912,,,,,,,,,,
2.916806131,9.548453012,11.94840813,13.05134987,13.63709773,13.77513198,14.6247038,15.81168651,16.58579487,16.90952065,17.71561662,,,,,,,,,
13.27371639,17.18913941,20.85402912,21.27448517,21.31293318,22.60663985,,,,,,,,,,,,,,
9.753168278,11.20056126,13.40056486,13.50494403,14.12028002,15.24968964,15.71875842,15.95984573,16.35159242,17.47461043,18.07593122,20.09839236,20.68483009,21.80552296,23.54608839,,,,,
10.18880635,11.48219208,16.69542804,18.38301061,19.37893931,19.77421567,19.78398134,20.66764122,22.47601476,22.98829106,,,,,,,,,,
8.370877292,10.47558875,11.40983295,11.79719081,12.75967924,14.41194387,17.00889888,17.59139103,17.71800346,18.01584524,21.05437866,,,,,,,,,
4.996591986,13.47159423,13.86476871,14.19124817,14.35157433,14.81164264,15.12607443,15.43096972,15.53187823,18.04686416,18.67824789,18.95235093,19.76885837,,,,,,,
0.515778917,2.307706929,11.32138361,12.01396932,12.11426266,13.14041,15.24836606,15.72303517,16.05754181,16.61226506,16.85695469,20.78027495,23.4766037,,,,,,,
4.307370565,10.13037592,10.78504217,12.55162475,14.23076133,14.53470237,15.41145606,16.55846633,17.1701788,17.75049147,18.13423727,19.04193916,19.45467922,20.13439853,,,,,,
0.94188664,3.303330171,3.467536201,9.164145987,11.00962313,11.04261066,12.91888787,12.923018,15.09543799,15.526907,16.24791139,18.52227897,,,,,,,,
11.42834338,14.04192162,14.80069572,15.55564514,16.96678141,17.61768838,18.6755254,22.16409468,22.55159383,23.26172253,,,,,,,,,,
1.944443177,6.824718885,11.1484746,14.06783943,14.99859475,17.80032556,18.22161382,19.82190642,21.2684116,,,,,,,,,,,
5.905373842,12.45186817,13.35950965,13.98899701,14.10434623,18.20857593,21.06337511,,,,,,,,,,,,,
3.178068092,11.56756382,12.0414177,15.30425547,16.5250639,17.94601213,19.21566035,19.69004594,19.86216108,19.97057035,20.70286078,,,,,,,,,
4.299509507,7.055639755,10.0596598,11.80292054,17.30448339,20.75177931,21.5948833,,,,,,,,,,,,,
5.363754187,11.63338238,16.92947574,18.67531458,18.85217107,19.34127859,23.29711297,,,,,,,,,,,,,
0.259470069,2.663726487,10.14395312,10.20598315,11.8763749,12.02052302,12.09512476,13.29740434,13.74557358,14.40457679,14.97195966,19.63908655,20.86356463,21.90950257,23.99496018,,,,,
8.56677667,8.763442949,10.01435977,12.57557001,12.58177234,13.06288281,13.14764619,23.59298817,,,,,,,,,,,,
7.309173095,10.91299588,14.68092937,19.07165882,19.74934123,21.03579679,21.36167325,23.19839231,23.25583294,,,,,,,,,,,
13.18336834,15.81167038,15.83530415,17.02694152,17.59411142,18.16349615,19.06720096,,,,,,,,,,,,,
0.621545535,9.118928604,12.83517845,14.29439651,16.10495008,17.35769518,19.76099283,,,,,,,,,,,,,
9.863129545,12.8475035,13.85167744,14.71942199,14.72248348,14.75034644,15.28460897,16.18933293,16.20227192,17.24261502,19.18316637,21.36066496,21.5882553,23.81273072,,,,,,
0.142612276,1.890647665,10.08495269,11.60136296,14.99731579,15.69681669,16.20727358,16.62601836,16.66759892,16.80123919,17.66970935,19.9079084,20.15782914,22.44624818,23.00469422,,,,,
10.1644919,11.15467591,14.27079746,18.2617016,20.27277904,20.92581478,22.23256886,,,,,,,,,,,,,
13.58412285,,,,,,,,,,,,,,,,,,,
10.84167259,11.64631957,12.94063075,14.04838395,15.90294026,16.66562193,18.34126026,18.58397101,18.61698935,,,,,,,,,,,
12.90637809,15.53999823,15.72873983,15.89481731,15.92138089,16.84463351,16.8598175,17.96871106,19.62287076,20.53893325,,,,,,,,,,
14.81438,15.34923843,16.27165479,18.0739295,18.21031201,22.59698237,22.64909326,22.69765996,22.77762533,23.96231478,,,,,,,,,,
4.387505969,12.06417264,13.29122767,14.6164121,16.26587208,16.6204663,16.92480511,17.9248159,20.10311928,20.5704548,21.20275096,22.56360095,23.42124499,,,,,,,
2.373965607,8.535233866,14.27456477,15.28494614,15.53899903,17.61999254,,,,,,,,,,,,,,
0.813054253,9.938920065,10.04273571,14.43057004,15.86429968,19.78345332,22.65691139,,,,,,,,,,,,,
11.22205136,14.00957991,14.27904088,14.9327302,15.69330911,15.97588927,16.17824058,16.29513604,17.4321855,18.62623604,19.54852834,23.91952053,,,,,,,,
1.154541866,6.904863532,8.249789946,10.87926193,13.82823153,15.67273976,17.64575326,19.01212566,19.39413228,23.0058424,,,,,,,,,,
0.762027209,14.7388381,19.54884637,19.98914758,,,,,,,,,,,,,,,,
4.638898927,9.887838267,11.15708032,13.14925756,13.27151949,14.05987176,14.46854381,14.66468523,15.02355211,16.20108306,16.84157864,18.25395709,18.59182646,19.45005078,19.47865556,21.186897,,,,
11.62130531,12.58596555,12.990061,13.11126269,13.39634507,13.4982435,17.92054908,18.63160363,18.68097493,20.12725358,20.56100682,20.64166853,22.16138636,,,,,,,
9.456996488,12.4498413,12.92350123,13.63027403,13.98058599,15.07773626,15.26483311,16.77049317,17.75529598,19.14685899,23.66240758,,,,,,,,,
1.877910123,8.806838403,9.672889276,9.887673431,13.75214716,14.61186733,14.92557332,15.41811778,17.60720056,18.05477569,20.0288657,,,,,,,,,
2.536057334,10.46909036,10.81386482,13.56222255,14.25174556,15.15808563,16.21886835,17.72789147,18.67624683,19.18340409,,,,,,,,,,
1.62655748,3.938391376,10.03965525,10.23640079,10.92634714,12.11159004,14.10459827,14.44330016,16.71192179,17.18082304,17.52494284,18.1921077,18.53357105,19.42656595,22.70566971,,,,,
0.406854808,5.413892225,5.882242759,7.580635357,8.646334611,12.38644914,13.28531617,13.62401725,14.21760698,14.86955777,15.56312039,15.74826143,16.30702234,17.50362687,17.56124172,19.19398801,19.94406317,20.41620583,20.82599961,22.37393081
9.905665543,11.38454442,14.5781101,15.26254789,16.88333402,19.26629812,,,,,,,,,,,,,,
6.935888451,11.34135145,12.12473707,16.1384787,17.31530512,,,,,,,,,,,,,,,
0.291090297,8.025027305,15.1771684,15.65543521,16.21771286,16.22035648,16.98760804,17.06322747,17.11749333,17.91374308,17.97044593,18.79352781,18.94221617,19.18066532,19.8194325,20.14007456,21.32471636,,,
0.485237824,2.239002501,11.26599854,11.95832291,12.11889352,14.48647471,15.1760037,16.58310143,16.79889926,17.1690541,17.30744365,20.4223989,,,,,,,,
7.577922377,14.38072642,15.57810363,17.63785449,17.84033597,19.33265337,20.99382838,22.83714103,,,,,,,,,,,,
10.65484968,11.88125564,13.79027042,14.88224157,15.17594794,18.83927742,,,,,,,,,,,,,,
1.895093926,11.77205432,15.03519572,16.34902003,16.68243232,17.11449325,17.23163708,17.86112102,21.89007867,23.27120866,23.33390424,,,,,,,,,
6.565738945,11.24664444,13.82429583,14.56404766,14.73568623,14.79273844,16.11227521,16.7862587,16.80291611,16.98606816,17.91913658,17.93081612,17.93770627,18.83289833,19.1635408,21.33662794,22.63706962,,,
3.872966789,10.1340864,10.65310686,11.08702011,11.9681061,12.84672059,13.96197911,14.63331084,15.22409029,15.44345412,15.62552707,15.99287868,16.46628432,16.74315792,18.01846118,20.01431501,22.00961908,,,
0.180542135,6.853875911,11.10964853,11.86989286,15.66363876,15.80989295,16.7623801,23.30887513,23.80382993,,,,,,,,,,,
5.946427142,12.96901785,14.22963398,14.41243727,15.08928409,15.12921093,15.24152487,17.46607862,18.24931441,18.71047812,18.86773188,19.2957952,21.19431296,21.79487574,22.54253784,23.37484442,,,,
0.136121844,8.764653881,15.64165722,16.49427744,18.60544517,20.31600905,20.94703781,21.97334016,23.40780286,,,,,,,,,,,
6.086186182,9.909134771,11.09606451,12.7585102,14.6182288,14.9861693,15.78350451,15.93316889,15.9618964,16.1380987,16.2596582,18.90954153,20.52821748,20.82761827,,,,,,
0.78348819,12.42372089,12.46412758,16.011706,17.02006429,19.06938115,,,,,,,,,,,,,,
0.114318427,2.267168385,8.752518522,10.10637374,11.36317505,12.25785043,13.61378484,13.77408839,17.38606874,17.54543539,18.89221589,19.4707783,23.16481023,23.30604346,23.56189155,,,,,
7.84866131,9.514349104,9.843558962,10.77758719,11.14274004,13.14250104,13.7122885,13.83379852,14.2917427,14.61706349,14.8906137,15.84101249,18.32981027,20.17810985,22.67188739,23.44702772,,,,
2.443936342,10.77543182,11.4652868,12.90044935,13.32310023,14.50094952,15.50137283,15.57758456,15.97512672,17.89286886,21.02550293,23.75404503,,,,,,,,
0.545794539,2.704927624,14.34073058,14.68614956,17.94436576,21.30307864,,,,,,,,,,,,,,
4.945379752,13.67175524,14.92090852,15.17998832,17.83470904,19.73227356,23.87556375,,,,,,,,,,,,,
12.44510931,13.21218691,14.40819746,17.28005196,,,,,,,,,,,,,,,,
5.628852545,12.51315839,13.94940176,14.23275296,14.80298936,15.67738599,16.03217844,16.44827348,,,,,,,,,,,,
11.37102329,14.97665511,15.69526092,16.2915388,16.54645217,18.23995098,19.51519565,20.07843656,21.82430119,,,,,,,,,,,
6.170911402,14.22073088,14.72922703,15.74541648,16.27356494,17.52811401,17.58567519,18.23741416,18.45210148,18.45220597,21.2658048,23.87991467,,,,,,,,
2.83709549,8.240436964,11.15565908,13.75640021,13.75911643,15.34055056,15.38668214,15.85155562,16.32024301,17.65608523,22.55039133,23.10045537,,,,,,,,
2.454805668,9.58418964,11.14712327,11.33482471,11.52743268,12.11486058,12.4818367,14.02530889,14.13367895,16.03822951,16.40403318,16.65014652,17.19248577,17.5251572,19.103338,20.89873023,21.25491148,23.84506187,,
10.33326642,11.138214,13.00257169,13.56455813,15.23716783,15.53887654,16.90225563,17.40819873,18.48973152,,,,,,,,,,,
8.739501304,9.458826971,12.53714081,13.03687181,13.2705688,15.36382494,20.43842461,,,,,,,,,,,,,
11.36681922,14.39136924,15.14981341,15.63719638,16.0241406,16.65476508,17.13850788,17.45669736,17.79126875,18.14749134,19.50561329,22.26453876,,,,,,,,
6.40422788,7.154400513,10.05553604,10.34724326,12.17625339,12.69384679,13.92119059,14.96283312,15.0693018,16.87277408,17.14673465,17.77002684,20.97926367,21.09365455,21.66295677,,,,,
0.000741925,8.133366719,8.865039317,10.25081585,10.7671966,11.1014916,12.70883486,13.86501559,14.77888674,14.8924953,15.93639584,16.0442438,,,,,,,,
2.581155579,2.981367239,12.28031219,12.84147707,16.18764848,16.43869793,16.49681205,17.43827218,21.52075589,,,,,,,,,,,
10.21688789,11.11304001,14.02651375,16.48678666,16.57292673,,,,,,,,,,,,,,,
8.401803569,10.91434172,13.19850419,14.00851747,14.61660785,15.37629872,18.66362484,19.75126251,19.98503757,20.59277004,,,,,,,,,,
0.971164779,6.865949672,8.911036553,11.55679812,13.27433714,14.02222505,14.285845,16.58952742,17.56645866,19.07597727,20.28212073,22.37416067,23.97598854,,,,,,,
3.596240265,4.685220328,14.42799248,15.46734235,17.95636911,18.93280174,20.75889148,22.08989803,23.54964392,,,,,,,,,,,
0.737691383,4.537939961,6.632119929,11.11573064,12.06325348,12.77426169,13.21498471,16.73265706,17.18668738,18.24699786,18.7826087,20.77317476,,,,,,,,
3.124423012,11.26387668,12.11071424,12.80559816,15.93804241,16.41173174,19.68084242,,,,,,,,,,,,,
13.75143439,14.44607396,15.10005003,16.63767269,16.63898357,16.70318188,17.54603536,22.06323156,22.45729196,,,,,,,,,,,
12.00391779,13.68434487,13.76051876,14.80156204,14.82098407,14.98057049,15.75078419,17.10477483,17.32590142,17.39624149,19.67910845,19.81562197,21.61304698,22.37674046,22.61711121,,,,,
10.86808256,13.44517917,13.73184234,13.79591389,16.88890138,17.4652426,18.15172467,19.9327344,20.13863999,,,,,,,,,,,
0.273804787,0.621911569,10.42642886,11.04490961,11.36413897,11.58995414,12.83517048,13.13870525,13.57203728,14.23334106,14.26835849,15.82745886,17.38258689,18.45408465,19.28564093,,,,,
6.789318688,10.90903428,13.06746472,15.25534188,15.79156303,16.15265842,17.27771629,23.25379063,,,,,,,,,,,,
0.077528755,0.304694252,3.973587452,4.024958525,10.07482556,10.26670501,12.13401984,14.68667367,16.16472539,17.27760285,17.70271797,18.65352828,,,,,,,,
3.922242917,10.72973129,11.57487228,14.28515496,14.39147576,14.96355195,16.6891328,16.8384458,16.88052027,17.38157531,19.14139571,20.03331221,21.02848066,22.71621787,,,,,,
3.596855494,9.252445652,11.06058835,18.04409474,19.02952178,19.44743845,19.68804356,20.539926,,,,,,,,,,,,
10.59247654,12.08053795,14.99384172,17.29272805,18.01442581,21.61740276,,,,,,,,,,,,,,
0.334250516,2.626706074,9.991335536,10.08448874,10.37899766,13.81246583,15.22849789,16.79241814,16.86615286,16.89786369,17.12940917,20.51339296,22.32519692,,,,,,,
0.416305613,0.557114515,11.45108502,13.12253574,13.67508555,13.7083828,14.66426952,15.95334799,16.21844205,16.50710615,21.11813153,21.81236536,23.20499237,23.92624755,,,,,,
0.319419047,13.53130904,15.80573916,18.17340676,18.83383026,19.88837145,,,,,,,,,,,,,,
2.819417049,4.421910207,4.45113153,7.003559916,9.360177771,11.40934525,11.53907468,15.64482879,15.7586677,,,,,,,,,,,
9.046309441,9.139615311,14.06131924,14.33741935,14.47074065,15.07618551,18.06571372,21.79580367,,,,,,,,,,,,
6.818733303,8.568774716,9.282633759,11.1092784,12.94730686,18.80334504,20.4405877,21.49078536,,,,,,,,,,,,
11.81632554,13.58808294,14.87215336,15.72969506,18.61729337,18.76189781,19.77259015,22.01200099,,,,,,,,,,,,
5.308335219,10.26977134,11.03135425,11.75192786,13.54588079,14.81354445,15.12435304,15.23164444,15.67431102,15.6920417,15.78561835,18.46487921,19.64249953,20.65942583,21.90550542,,,,,
16.71147445,17.81389022,18.44758061,18.6232735,,,,,,,,,,,,,,,,
2.17605063,3.946183178,5.204179489,11.76994348,11.99972026,12.72648879,14.13307335,14.69429691,14.78864906,16.80725223,17.22894009,17.80039162,19.62306754,23.58420801,23.79065564,,,,,
8.699809199,9.689620341,11.1097665,11.26995641,11.94710946,12.48345956,14.54927214,15.80714341,17.06456194,17.55020826,18.08827881,22.32745783,,,,,,,,
0.389313988,9.770287079,17.23677676,18.65141321,22.68845723,,,,,,,,,,,,,,,
3.729632224,4.861649215,11.26570925,11.85547177,12.29481566,14.60373759,15.67442821,15.76605267,15.91684753,17.26660231,18.38486914,19.11913351,19.52551345,19.83915719,20.51327252,21.72187278,,,,
9.266531787,16.21601457,20.72479686,20.75233298,21.13475286,21.1724681,23.44865463,,,,,,,,,,,,,
0.75195811,1.611514733,10.48532647,12.03330167,16.27494103,21.58940813,23.15544411,,,,,,,,,,,,,
1.38462403,2.72564503,4.095137245,8.759598783,9.690296853,9.698855982,10.03676987,12.8218644,14.92417385,15.24081239,15.47147587,17.16745579,17.59431909,18.12322145,18.46841608,18.49154925,18.63393569,20.44647468,20.51544197,23.361871
5.704625957,9.447757035,10.25418408,11.6250304,13.79460576,15.63630433,16.78421698,21.44894192,21.49859205,21.6702983,22.88496709,,,,,,,,,
2.839031327,4.568994575,10.38965912,13.13954026,14.67236309,15.66289237,17.31708618,17.36667734,19.20475726,19.38014231,19.93249131,20.89308663,23.23552332,,,,,,,
0.837766606,7.521243514,7.521875467,8.173383597,8.347813787,13.63375657,14.81175474,16.12777196,16.17768345,17.63151869,18.91039567,19.70064672,22.01837947,,,,,,,
7.245646956,12.84237191,13.70788513,14.45508886,14.56911019,14.67270235,15.51311446,15.51774856,16.39765681,16.95167082,17.3731389,19.51477934,20.58934735,22.2387104,23.56774666,,,,,
9.653658322,12.53220589,15.24155052,15.76466983,15.93802354,16.32960094,17.46813749,18.53169141,18.78523192,19.94477605,,,,,,,,,,
9.869817749,12.61698227,16.35101867,16.58402105,17.02454146,19.15874838,19.27015279,19.33854683,22.15065274,,,,,,,,,,,
0.538447487,6.82445719,11.89511121,14.46609002,15.38388688,15.72171169,17.2311147,,,,,,,,,,,,,
11.34559014,12.61512443,13.26834463,13.54405862,13.92992524,13.9952654,14.24893353,14.36385949,14.39362239,14.48676489,16.73501461,23.45328442,,,,,,,,
0.682988741,8.581875381,11.82814395,12.8101015,13.18892276,15.00498994,15.30266466,17.82660365,18.33779089,20.55299509,23.08912341,,,,,,,,,
8.379829153,10.27371047,11.14061102,12.23077443,13.6060195,14.23440477,15.10658917,15.13000904,16.4931431,18.43964571,18.62964333,20.6057501,22.21624878,,,,,,,
1.165366641,12.02293964,12.64434026,16.62864141,17.67482834,17.91142433,18.60511676,21.11122919,23.50888162,,,,,,,,,,,
3.653904742,9.882430504,11.66295694,12.05107549,12.76659736,13.5514137,15.63876547,19.42579741,19.46372769,19.68021252,19.71369966,20.87093295,21.84329833,,,,,,,
5.208122755,8.936431518,10.19645954,10.90885969,11.31370036,11.33835064,11.41617166,14.05257208,14.17682246,15.76570042,16.52888638,19.24232955,21.96398145,,,,,,,
0.178249697,2.159843569,10.49063302,12.56635131,12.67129609,13.62078641,14.26602085,15.97041947,18.74678332,18.9651488,23.26088669,,,,,,,,,
0.474558514,8.374387521,10.10015112,10.13416502,13.2688877,15.06899649,15.53165599,16.81850739,20.69317345,21.65884283,23.40693262,,,,,,,,,
4.503984226,4.994120506,8.052261,11.11101033,11.43169156,12.61428665,14.67800267,15.55521021,16.15569164,19.4298334,19.89695538,23.38833612,,,,,,,,
0.113402853,2.290966263,4.163235952,6.176214667,9.42963406,11.83452662,12.47295282,15.84422259,20.18350934,20.66626346,20.68821022,21.59108807,23.00993653,23.12234282,,,,,,
0.514253513,4.661826647,13.71435765,14.63342833,14.63408561,15.56436021,15.70169434,15.92103761,15.95765559,17.16017182,17.18133308,18.24303481,18.36534688,18.50412161,19.31617275,23.44944097,23.60704604,,,
0.419879371,4.190918548,14.09826895,14.36445371,14.40606753,14.67613268,15.89896824,17.42139902,18.02064421,18.11640948,,,,,,,,,,
1.482423239,10.67438186,12.27830545,13.81898922,13.84240437,14.07028539,14.68825449,15.44225047,15.63963071,16.65010656,20.3911383,20.43457601,,,,,,,,
9.236396883,9.788557447,10.61460067,13.1881294,14.81134007,15.51828704,16.21782535,17.27262592,17.31555689,19.12636966,19.68056131,22.49516409,,,,,,,,
4.971890669,6.937081461,8.354817778,9.673897845,9.903323277,13.38497181,15.6930876,17.11831072,17.885843,17.94456205,19.54926096,19.62256253,22.1584966,23.20968274,23.53142128,23.84214356,,,,
13.38612884,13.94838331,14.83606682,15.95116959,18.21299126,18.61624336,19.12835803,23.38021046,,,,,,,,,,,,
3.572866172,9.867433387,11.55013608,12.90615235,14.1740312,14.35048095,15.19957061,16.17376145,17.78610103,17.85809053,18.25153633,18.60090099,22.10761628,,,,,,,
12.47965873,13.63357498,13.88398389,15.77117098,17.11372307,17.38558267,18.16619607,18.20945538,18.32648361,18.81202528,,,,,,,,,,
8.852533294,10.53607621,11.18632813,13.16711262,13.25190644,16.14360878,16.86605436,19.13235844,20.18752252,23.49900968,23.86040866,,,,,,,,,
3.747192177,9.347889103,11.02546769,11.92102555,13.75360619,15.65903162,16.84976804,18.22453907,22.63646945,,,,,,,,,,,
4.041150481,4.085083981,11.68487016,12.32689943,15.01442452,16.00247221,16.61937375,16.95102174,17.12811132,23.8176401,,,,,,,,,,
6.767496909,12.56561257,12.68442847,16.39771665,16.5634337,16.65673477,16.89309617,,,,,,,,,,,,,
0.537248086,10.02396271,10.51239871,11.71812349,11.95082176,12.11387354,13.45644673,15.58012878,16.1520547,16.33098906,17.55239801,,,,,,,,,
3.374571686,6.937136887,8.751816764,13.24670174,15.24699983,15.55417017,17.5857123,18.41873811,19.31425596,19.79267135,22.42088728,22.81032413,,,,,,,,
0.049209104,1.785292396,10.39764322,10.94428841,11.69690069,14.86762432,15.18858158,18.2563621,23.8992153,,,,,,,,,,,
0.276849075,2.712606329,3.864705448,9.019668978,11.86235197,11.90183923,12.39219746,14.26038038,15.32749792,15.76434926,16.70713862,20.18485224,22.43638487,,,,,,,
10.14087118,11.6946978,11.84771263,12.84412365,14.46989496,14.4968641,15.47488903,15.5885971,16.98250577,18.60608881,19.25186881,20.19873783,23.72119888,,,,,,,
11.44536581,11.55497327,13.68552205,15.10811029,15.16372646,16.24507896,17.68185565,17.68499187,17.75279607,20.4306638,,,,,,,,,,
2.14856062,15.15228902,16.19219454,17.16616289,17.84980987,18.5406601,,,,,,,,,,,,,,
1.48572075,3.762676921,9.221502311,10.53744444,10.71563414,12.2913141,12.3053974,16.04893694,18.5618688,20.61450316,20.92476984,,,,,,,,,
6.323058722,8.514197035,8.553875977,9.700478443,11.20783098,15.44903333,16.65169885,17.65398572,19.27612226,20.39164157,20.65036722,23.67308877,,,,,,,,
12.88102429,13.0022165,13.66545664,15.51821259,15.86475029,17.97252681,21.84374648,,,,,,,,,,,,,
5.366489572,11.47125219,13.65074381,16.13598927,16.40003927,18.56459449,19.6214875,23.53564168,,,,,,,,,,,,
1.343555073,1.848022776,8.590041576,10.37612166,11.55641348,11.67116749,13.97245832,14.24962513,15.62789586,15.88364493,19.18603512,20.67593733,21.39351252,22.64221986,,,,,,
10.49411278,12.11582503,15.63869579,16.21107862,16.7123312,16.89803262,,,,,,,,,,,,,,
5.072538628,11.93001601,13.98845335,14.57882051,15.99697186,16.10234692,19.06367436,19.66132294,22.72143641,,,,,,,,,,,
6.091635593,11.44276914,12.15587766,12.18496158,13.91626187,14.85794987,15.99635216,16.87668539,17.84594373,18.57222421,21.96520107,22.18754191,23.20054874,,,,,,,
3.965956564,10.36504951,11.61887327,12.10412142,14.59333959,15.21463996,16.26060091,16.8691496,17.52929628,19.26641088,19.95153128,23.59921422,,,,,,,,
0.762653355,4.627816986,9.396383821,15.12340316,15.49178562,17.77116737,18.34944733,20.96363289,,,,,,,,,,,,
6.045838828,10.12982795,10.39930536,13.40685654,13.48481517,16.20651464,16.54158594,19.43977008,20.03344242,20.71549481,20.83647048,22.82897155,23.753345,,,,,,,
7.679655708,11.12719928,11.35347163,11.36345716,13.4324856,15.06418888,15.11932162,15.64745471,16.84863205,17.8559302,20.65559216,23.53094729,23.97104077,,,,,,,
10.64212826,11.98460682,12.01849204,12.55592699,12.86958256,14.46589853,14.80052639,16.43129589,17.13093478,19.19214154,19.3842605,21.59168425,23.20673652,23.90690594,23.92747821,,,,,
4.410188291,10.34510221,11.46875585,12.63408645,13.93700698,15.44724902,15.64619976,17.31453323,20.40228048,,,,,,,,,,,
8.645460827,13.73589466,14.86030678,16.55313525,17.27120538,18.47148944,19.91553324,23.58579088,,,,,,,,,,,,
2.11710323,9.191388124,11.98968488,13.86154884,16.99006211,17.29792914,18.29334112,18.48375303,19.34949337,19.84053568,20.3990916,,,,,,,,,
10.46205245,11.92075799,14.65947402,14.86245652,15.23712251,16.14015252,16.55112612,17.1276588,17.89968305,19.60889637,19.87307594,22.12194477,,,,,,,,
3.532590422,8.892785252,10.71452868,11.63169083,15.07413977,15.6913443,17.99143811,19.34774403,21.45064083,21.49422658,23.18268112,,,,,,,,,
1.682860552,11.20379441,12.64302973,14.25816214,15.78665894,16.73988998,18.4416436,18.94188114,19.42209665,20.28249908,20.60643653,23.56094095,,,,,,,,
7.819203709,9.758629186,11.3304807,13.01913452,13.38359439,15.32559656,15.39388401,15.41500577,16.30507176,18.18139141,18.32033715,18.36436569,23.34365306,23.80745635,,,,,,
12.80911184,13.27951439,15.4596089,18.35974908,22.77323157,,,,,,,,,,,,,,,
10.31202153,10.58631728,11.78951113,11.80318409,19.05048062,19.16650423,19.20119479,20.23691579,23.78532763,,,,,,,,,,,
