0.13380438,4.899058198,8.428810079,8.437873436,8.983113825,10.2927087,10.51980028,10.75685201,11.91594284,20.43528109,23.56438322,,,,,,,
1.280042114,1.519062113,8.955841608,9.569705575,11.2746634,20.66967345,,,,,,,,,,,,
1.250012966,3.986766928,9.509175331,10.70482982,13.50652784,15.90314416,18.16493286,22.98562519,23.40145175,,,,,,,,,
0.950117204,2.906992297,7.374574169,8.898328652,9.261855024,12.2830674,19.70147429,23.32232243,23.87942461,,,,,,,,,
1.612110456,2.772433882,3.381086667,3.7564547,5.548153422,5.709258867,9.089901879,10.78404638,17.7487195,17.80208166,17.95779472,,,,,,,
1.103743807,4.969036098,10.10569903,10.51853201,17.68179181,23.22829797,23.29663479,23.38861618,,,,,,,,,,
1.838617594,2.967920382,4.017290283,6.261920159,9.00662725,9.325804704,12.42006384,14.23387828,15.15016859,18.76546157,19.13759837,21.88997918,,,,,,
0.994434507,8.249657781,12.27877557,13.92492764,16.24048488,20.02440487,22.6939056,23.16920651,,,,,,,,,,
1.81405137,10.61927859,14.05836214,14.37928527,17.43238858,19.66725545,,,,,,,,,,,,
1.024801541,3.034790542,4.17422969,4.664241134,4.786895099,12.68139045,19.80588258,,,,,,,,,,,
1.050424208,2.425338789,4.124006743,5.803880722,6.352903003,7.152485004,7.30111888,9.96820455,12.42583175,13.63466723,14.97543649,15.4183406,16.13537764,17.95391319,19.07802718,19.34488066,19.67542966,20.50356145
0.033222911,2.60945735,3.452105689,4.134167598,5.356474469,6.439412093,,,,,,,,,,,,
2.227394053,2.411692547,4.135448144,9.46652178,13.5844919,14.75993853,,,,,,,,,,,,
3.782991404,5.019708484,7.910611736,8.851930378,9.765108648,15.97976412,16.24212238,16.89530027,17.98495533,21.31749692,,,,,,,,
0.225095566,2.617415353,4.131307228,4.817919682,10.02485858,15.0866168,17.98573257,,,,,,,,,,,
0.31995998,2.944108526,3.591464367,4.554381137,8.454417831,12.82406428,21.14902893,22.7865962,,,,,,,,,,
0.005243474,3.95430446,4.387853578,6.26337166,8.528823241,16.97120753,17.68636313,20.70063106,,,,,,,,,,
1.725124704,9.013874428,12.23198176,17.13281763,22.58499653,,,,,,,,,,,,,
0.499113899,1.717990749,9.7901087,11.43818914,12.56969218,13.0139601,19.09720613,21.58232563,,,,,,,,,,
3.712075868,4.473315952,10.5373109,18.51302791,18.98882234,19.31240026,,,,,,,,,,,,
2.1439255,2.2540778,5.065000144,6.083254322,11.10995289,12.64577389,17.13740245,17.21069337,18.10770731,19.68070174,,,,,,,,
0.797813285,1.274571637,3.342148347,4.953551401,5.249251911,7.383428815,8.362834861,8.706783536,9.29749747,11.58926452,13.2402115,13.90880782,15.54111572,15.54164306,16.61774979,16.83706744,19.22112948,
1.595885192,2.675275201,4.163634663,6.263146907,9.510894119,10.10159215,14.00937225,19.06420208,20.20552059,,,,,,,,,
1.742481197,5.554052973,5.954604478,6.576975083,9.566859803,10.33434683,,,,,,,,,,,,
0.314196743,1.904082189,4.227540221,6.336696968,7.333739633,9.745171566,10.47371408,14.21543186,14.35561609,14.96240779,16.32894404,23.4240613,,,,,,
0.553579455,2.612498056,3.652724207,3.905832243,9.647805108,11.34266962,13.21397786,13.59399064,17.72839203,19.11323365,20.31745052,20.68002732,,,,,,
0.273368108,1.284422697,5.005730917,6.379056621,7.369816266,9.499149046,9.767496912,9.835475744,11.11733136,13.38762356,15.90712237,18.57702533,18.67863578,,,,,
1.962557586,4.333408886,5.439295867,5.916823612,6.899355986,12.21469541,13.71194736,13.84773396,14.83407677,,,,,,,,,
1.932592255,5.02293323,9.191923653,13.07359608,15.5224381,17.43522198,19.66879348,20.03940026,20.29606306,22.48225028,,,,,,,,
0.404594256,1.255376056,4.130594321,5.49738953,6.60891917,7.739630383,11.78484405,12.42839046,15.60984052,16.62404539,,,,,,,,
2.977332331,6.289419852,7.770996771,8.422965498,10.04506007,12.40260344,13.69834785,14.67078749,15.12899996,17.55521753,21.28841557,,,,,,,
2.760824555,3.813208074,10.32273264,13.00988026,,,,,,,,,,,,,,
1.390240353,2.156979268,5.68541127,7.497973542,7.682680545,8.205837526,9.684079509,9.83927455,14.6498103,15.97698359,17.02702613,,,,,,,
0.625279534,1.392936814,2.306211703,3.231121552,14.21718014,,,,,,,,,,,,,
1.307704893,3.201646617,3.695167887,4.077175127,4.571304111,4.786165569,4.857765473,5.647748219,7.039191909,11.82326343,14.0675742,15.56764033,15.91950777,,,,,
2.446508072,6.778027435,6.984923083,7.05410765,9.054523095,9.8722362,10.27302995,10.65493857,,,,,,,,,,
0.187911731,0.647402924,2.968055037,3.502456402,3.827447229,5.829525653,,,,,,,,,,,,
2.346752851,2.950411204,3.714228825,5.500546908,5.688772966,9.705905814,13.04321993,13.31431027,,,,,,,,,,
0.011371929,3.84669578,7.003065191,8.442046066,9.022855238,10.91353436,12.91237636,14.24637183,14.94651631,16.52497819,17.76835395,18.48150771,22.81981666,,,,,
5.805304016,6.9292856,9.704015562,12.53385095,12.96411774,14.84284547,17.01242789,18.63549346,20.60487333,,,,,,,,,
3.655542201,11.86519046,12.82034571,16.48636535,20.39936576,21.99938313,,,,,,,,,,,,
5.364218869,6.636202782,11.60199094,13.06061708,13.58661593,18.750619,19.39169317,20.69220028,20.70577832,,,,,,,,,
2.148733538,5.065192565,5.705499553,6.813934954,8.716587835,13.16787278,14.79803563,16.38537565,18.63908684,20.5752535,23.69450365,,,,,,,
0.298665499,2.940839061,3.783522996,4.514574014,5.112420058,6.924138413,8.516065138,14.38089283,17.8514139,,,,,,,,,
2.515607177,2.521986335,3.45882816,4.645696746,5.772499504,10.27331468,10.79420573,,,,,,,,,,,
0.258299077,2.773372054,6.275596865,6.822189558,11.49808886,11.79348026,15.52344497,19.34287287,19.72347164,19.91177534,20.07334972,,,,,,,
1.619960651,2.83360221,3.764432572,5.157052711,5.974711117,10.13716093,10.97703214,11.79317436,16.93783653,,,,,,,,,
0.17138492,0.456664577,0.528807821,3.911014782,6.350037774,10.01367832,11.03069298,13.707041,13.88473367,,,,,,,,,
5.297522342,7.142914188,15.25154345,15.63977236,16.42602144,20.88546619,21.90179306,,,,,,,,,,,
0.703488228,1.501098529,7.453697916,9.535888215,12.10838386,15.78952876,18.41656611,,,,,,,,,,,
6.057189285,9.995580811,19.12387584,20.89565703,21.4174695,,,,,,,,,,,,,
2.420153383,4.891736675,5.089933151,7.899426955,14.43067227,15.18469955,23.84871226,,,,,,,,,,,
2.71906562,3.113384899,6.56125955,7.487249782,10.26384496,12.23075911,12.51398956,13.20565499,18.69259138,19.43829632,,,,,,,,
0.397925502,4.090753899,4.820384953,5.815522051,9.970746627,10.39131295,11.52823486,,,,,,,,,,,
0.047060183,0.673280683,6.640849562,6.900107904,7.90906628,9.213070606,11.77038859,15.86027738,20.3206178,,,,,,,,,
1.126769258,5.07967634,5.390572901,9.063811484,15.03825523,19.77267298,22.05418699,22.36848812,23.02397219,23.29790317,23.62044875,,,,,,,
0.894112125,4.219712594,5.571388865,6.089348106,9.454826961,9.532700425,9.601142826,9.772760387,12.72703613,14.9961918,15.88814328,17.40289705,18.66974046,,,,,
0.552352654,7.560204278,11.420526,11.90077092,12.77206548,13.80167962,15.29923587,16.1637017,,,,,,,,,,
0.387903918,7.412465381,11.16830828,16.30949113,18.79798689,,,,,,,,,,,,,
2.652932688,5.010525907,7.429855485,9.679738526,10.54823174,22.45820269,,,,,,,,,,,,
0.014943236,0.238761309,0.596524332,1.03639241,4.634927364,5.299555897,5.806172454,10.31903053,14.83789348,15.0709021,15.12376659,,,,,,,
4.086844016,5.323812883,5.44045835,10.42091041,12.30976379,14.79089971,15.53442067,16.21620734,17.02344906,,,,,,,,,
0.976781924,6.593294913,11.12816611,13.11969775,14.80339285,14.83306194,16.80396001,18.73253357,19.09901045,19.33100993,,,,,,,,
0.506693371,1.548406507,1.719537445,3.842990214,7.46534273,10.55768922,11.86999493,12.85962799,13.98647802,20.18722028,23.08751678,23.59431786,,,,,,
0.641351162,1.461629569,3.574848024,5.01550532,11.81802569,16.78496702,18.92560418,21.54646207,,,,,,,,,,
0.241900099,0.343424579,2.067099482,2.310481328,5.76894627,12.39615678,13.00383245,13.14415466,17.94863654,18.30200699,18.83989397,,,,,,,
1.19797107,1.372101047,5.507523834,11.91730161,13.68318211,14.54447983,19.24280548,,,,,,,,,,,
3.849652702,4.413905988,5.177971425,7.864506939,9.870005821,10.76461031,11.39508901,11.59274863,,,,,,,,,,
1.622786445,4.646720783,5.066732464,5.704047961,8.348903826,8.911989981,15.0078617,15.5966909,16.98508641,20.86797141,,,,,,,,
0.391029742,3.857086561,4.965939718,6.213179497,6.712636804,7.078382678,7.535021724,9.605978579,13.25733359,13.62114311,18.32352298,,,,,,,
0.273025515,8.767967276,9.5173867,9.809045337,10.95537296,14.1551037,16.30382001,16.98158152,20.32956534,20.63409889,,,,,,,,
1.528393615,2.685937986,3.73571609,5.977962097,7.92864956,,,,,,,,,,,,,
1.197984342,2.045460364,2.779900272,7.816757731,8.007585025,9.679361519,12.71416698,16.2596909,17.16123848,20.47561476,,,,,,,,
0.065388193,1.778249377,6.285886009,7.537645136,8.352481735,9.383535507,16.76681959,18.4899811,19.51985809,23.92796845,,,,,,,,
5.826631039,10.49432175,10.51795716,12.50014068,12.53083935,14.80187682,15.15230387,16.93883433,19.44780069,21.49880891,,,,,,,,
4.070620018,5.4962978,7.885292816,18.77480162,19.044974,22.21682007,23.74230417,,,,,,,,,,,
1.909286796,4.636513489,5.201035063,7.268468426,9.877964533,17.37632382,17.4576999,18.48189547,,,,,,,,,,
0.653556655,4.111755657,4.710057115,5.489031955,5.675526492,6.608493942,,,,,,,,,,,,
1.542632639,3.134474407,4.0563607,7.1532588,13.74263719,16.90980972,,,,,,,,,,,,
1.650995588,3.597682043,4.600094841,5.646125707,12.7825995,17.60625424,20.29307582,,,,,,,,,,,
4.071158245,6.050227957,9.359403013,10.15177962,13.81477912,,,,,,,,,,,,,
3.713302399,6.145267079,9.131313427,10.66641493,10.96045773,11.20311834,12.89435783,,,,,,,,,,,
0.757316676,3.22653869,4.332521689,6.820562294,7.580106725,11.27371991,15.53917672,18.8790379,19.01541392,,,,,,,,,
0.023505098,1.992488453,3.066196175,8.619453979,8.939339701,12.4005862,14.23057815,17.06528543,17.57682948,,,,,,,,,
0.103020386,0.525788376,3.018978775,6.688078883,8.180303763,11.27685942,14.74956578,15.67500719,,,,,,,,,,
0.406357631,7.830736901,11.26517612,16.19273307,19.4756884,21.38986133,,,,,,,,,,,,
0.133742683,1.011076984,3.717400376,6.858571128,6.982431411,7.322346379,11.02355834,13.75780698,14.20810539,15.13338356,17.84285391,21.73903216,,,,,,
2.282065282,2.83689097,4.673143699,4.724347755,6.026150114,7.776718896,7.915516658,10.68990235,,,,,,,,,,
0.799575481,1.75807133,2.676572666,5.273048448,5.943194396,6.03241796,10.05087704,10.81499976,11.16286831,12.35528031,,,,,,,,
2.969691472,3.484305986,5.309712098,7.940090369,10.68317722,14.81192593,17.08568218,,,,,,,,,,,
0.39643987,0.778799476,0.832623898,3.758741842,4.615140926,6.464884743,6.578992704,,,,,,,,,,,
0.66602847,3.753586807,5.81981626,6.499742172,8.280862185,9.861717348,14.63492847,14.95653179,15.46444015,16.43518562,,,,,,,,
4.544299989,7.270162577,8.597831247,10.42064917,12.78693487,12.84694576,15.31695261,18.49718192,22.92599145,23.1611231,,,,,,,,
1.551893825,2.783307077,3.760579617,11.45438077,11.48121394,13.99622246,14.6102618,19.87514616,,,,,,,,,,
7.189244135,15.908346,17.9471154,18.20329228,18.57313525,19.43800653,20.24830718,,,,,,,,,,,
0.846257313,2.016078143,4.1885778,11.05972879,12.30286285,13.08755619,16.37574099,17.18668825,20.40091425,,,,,,,,,
1.596703862,2.127496511,8.836298438,9.309110852,10.09135121,10.4662741,13.98906796,15.01654123,,,,,,,,,,
1.828186251,1.993774418,3.128167225,4.779955083,6.451991383,10.70855694,11.06050657,,,,,,,,,,,
2.039471717,7.432839705,8.46632829,9.691698177,10.9222366,12.91744321,14.77825675,15.08128386,17.81666638,18.30990959,23.96848138,,,,,,,
5.597321051,6.865427377,14.80632002,21.95074817,22.39533276,,,,,,,,,,,,,
1.142642054,3.556577796,7.269639193,10.08733657,13.04334749,14.36190584,14.48235958,17.73501863,,,,,,,,,,
2.915435747,8.304713894,9.119679581,15.03754987,15.90298806,18.64264659,23.89683425,,,,,,,,,,,
9.893293667,10.44570447,14.82291041,15.75828298,18.50843653,21.57419481,22.73980414,,,,,,,,,,,
2.027777538,5.509035192,5.947842578,17.90145356,18.16987986,20.04904741,21.11237388,21.50799673,,,,,,,,,,
0.97380654,3.626402189,5.276332958,11.69044724,17.10113067,17.26275981,19.76581899,20.11148101,23.78664894,,,,,,,,,
3.148742718,6.020336924,9.064460939,9.546992569,9.857943428,10.55580272,11.7302957,14.07488203,14.81232811,15.14782762,17.01221701,17.61112934,,,,,,
8.100401361,11.15606175,13.57581127,16.40426084,18.12908803,,,,,,,,,,,,,
1.448680828,2.303632589,3.882674731,9.134382835,10.12754398,10.18376033,20.45117327,,,,,,,,,,,
6.562577416,7.505664134,9.095781765,17.75583111,20.72407831,22.4037072,23.33961813,,,,,,,,,,,
2.170127547,3.257757255,4.606562129,5.100200652,6.286796783,7.717667736,8.245527834,9.464166789,11.99774563,14.20862675,16.02366122,19.41611393,22.89138514,,,,,
0.25131314,3.002636091,6.401246679,8.208573727,9.380387618,16.20875379,19.78619275,21.83396829,,,,,,,,,,
2.145942455,2.620131256,4.759555383,10.84025688,12.68899431,14.52972239,16.16063331,16.76188224,19.64281502,22.11941947,22.91748436,,,,,,,
2.480779936,4.297900283,8.431077292,12.01360052,14.59744118,16.93129611,17.41546674,19.11067528,19.37239733,19.54115816,19.90531499,,,,,,,
1.730715883,2.40492573,11.96438194,12.07744673,19.18846155,19.88346614,,,,,,,,,,,,
5.502222353,5.849670919,9.233577501,11.36558468,15.03848114,15.13195887,15.52774728,21.09707604,22.50165028,,,,,,,,,
4.027644938,8.826123638,14.29041961,15.92468202,18.68967771,19.9843799,20.14038812,21.12011227,21.56850691,,,,,,,,,
12.39992436,14.32703015,14.64192981,15.85615575,17.21518376,,,,,,,,,,,,,
6.214697835,19.75619533,21.84497557,23.7863659,,,,,,,,,,,,,,
2.078231649,9.59460395,10.54297786,15.91499903,16.89458246,17.93112803,20.38395994,,,,,,,,,,,
4.569458724,5.528423943,6.369048222,13.37496477,13.55987126,14.239333,17.76877759,17.79949328,22.17384531,,,,,,,,,
3.527518723,8.689374354,11.1587326,13.98951819,14.58842972,18.4023653,19.6801233,20.24201379,22.46766347,23.05096969,23.21569905,23.96604634,,,,,,
0.232754447,0.958915524,4.300555553,4.738373331,9.738568035,13.41921464,17.37283531,18.76666909,19.1003678,21.15904203,,,,,,,,
2.165499776,4.758778454,5.043966249,9.881151966,13.07911967,13.87048638,22.1258866,22.52683437,23.38860398,,,,,,,,,
0.916518375,4.061758864,7.01205293,8.587205455,11.02045324,16.31284828,17.30264609,,,,,,,,,,,
1.871172967,2.445170486,7.108523036,7.500099231,11.97913164,13.33212034,16.72797024,18.13037755,19.66382869,,,,,,,,,
1.91535838,2.672640741,2.975795655,11.49074543,15.74980352,17.13289609,18.20395688,18.70578393,20.18427604,20.82932006,,,,,,,,
1.271083061,5.766619113,6.382817957,9.603044456,10.8027593,11.89368316,11.97011596,17.07828626,18.92283702,,,,,,,,,
1.28601775,2.631343218,9.719597946,12.69105147,13.1023962,17.56631556,18.26112937,20.65564192,23.25385508,,,,,,,,,
1.404146004,3.588606561,5.155283286,5.694039233,9.110808603,9.502460493,20.57402129,22.33124664,,,,,,,,,,
1.820604739,2.889648448,4.466937226,8.085380129,23.27853373,23.63952702,,,,,,,,,,,,
1.603330109,2.811239229,5.217555408,15.65856418,16.01556246,,,,,,,,,,,,,
0.293150901,9.723968878,10.40744908,10.68491024,14.15947026,14.40909394,17.90564251,19.27193104,19.72731868,22.8776542,,,,,,,,
0.709482044,6.322303925,7.849948829,10.88303245,16.79760908,19.1799443,21.15466955,23.86339232,,,,,,,,,,
0.132668307,7.621088503,9.029125941,10.63217422,19.16044516,,,,,,,,,,,,,
1.452475503,5.271426617,5.814202729,6.016740025,7.683158294,9.216101402,10.03544332,10.07017391,10.18497248,11.64858993,,,,,,,,
3.241635727,3.415369847,3.76845161,3.801142847,5.495359068,6.460814061,8.917736885,13.06485496,18.23547816,,,,,,,,,
4.890461318,5.633519173,7.965222588,10.82855699,12.48124339,15.85123586,16.64908461,16.80256912,17.5324978,,,,,,,,,
0.170512276,2.165685744,4.871604997,5.124256847,7.742996845,14.55669147,15.70344499,17.26406526,,,,,,,,,,
0.441289156,0.454469007,8.701474905,9.313871578,11.39599276,14.69536477,,,,,,,,,,,,
2.767420761,3.870728024,4.047086584,4.05114363,5.692320539,,,,,,,,,,,,,
0.1692017,3.689202249,5.260989646,7.128321053,11.62389894,18.11996061,18.70527768,21.59560441,23.99506471,,,,,,,,,
0.013953676,0.097197749,3.369368579,5.522306646,7.036624661,7.758293198,8.795737971,,,,,,,,,,,
3.777134786,4.232947021,4.524008687,5.206717304,7.31809822,11.5547952,,,,,,,,,,,,
5.468311053,6.673083654,9.729147374,14.18859383,16.23640133,23.22997856,,,,,,,,,,,,
0.646230416,1.008399855,5.381165349,7.837473625,12.74420483,18.55576459,20.36875491,21.4989136,,,,,,,,,,
5.905450529,7.348130504,11.14490006,13.93890781,18.12920696,23.65923412,,,,,,,,,,,,
1.761414344,3.329966737,5.701998523,5.937580882,9.211225609,11.44368852,13.683719,14.88485145,15.67490118,16.13127531,16.58516363,18.16822123,20.4572942,,,,,
2.370985738,8.335047731,10.25970344,13.27790596,13.40220837,20.02340185,20.36073149,20.88751937,,,,,,,,,,
2.110482851,4.723772116,12.48349002,14.7973576,18.42324977,19.24477046,,,,,,,,,,,,
1.030024148,1.773731506,1.89217744,2.269133699,2.479649976,4.137618689,6.487588982,6.997173133,7.443155685,8.248990337,9.26037369,10.0417856,10.16790028,11.76764241,12.59037428,,,
1.442491624,7.086150124,8.306356799,10.55711564,11.2232878,13.3631153,16.18733688,16.34615946,,,,,,,,,,
0.576942477,7.089796651,8.636539069,10.55668229,10.9733072,11.17322844,12.42578319,21.59539085,23.30534511,,,,,,,,,
3.932524349,4.05615423,6.904956559,7.948870848,8.542218896,8.587469212,8.849720815,13.58065344,16.19166195,18.48931278,,,,,,,,
0.548638738,3.323441822,4.26676467,10.42259593,16.06661638,,,,,,,,,,,,,
1.234808633,1.340319957,2.240489038,3.169523367,4.439275121,4.604937369,5.610414809,6.155921659,,,,,,,,,,
1.876526267,4.381827431,4.429143542,4.880687019,,,,,,,,,,,,,,
1.24455428,1.318526938,4.12510784,5.06690901,9.335819258,10.44353335,14.83158088,15.07169275,15.61041337,16.54874304,,,,,,,,
0.091789997,4.53984166,8.714903558,8.997252856,10.47763043,10.73522367,11.4818656,12.57580252,13.43204168,13.79889601,14.27776743,,,,,,,
1.268037594,1.775719979,1.939184333,4.047658151,8.898792019,10.48681404,10.64742507,11.32545731,16.4993581,16.96732886,,,,,,,,
1.420638261,1.95068931,3.6416364,9.411405403,11.24825555,11.77099059,11.92442989,11.98555774,12.02191794,12.63092141,,,,,,,,
1.396659494,3.493267096,5.549990226,8.316680335,8.904653615,9.115537907,9.166444331,,,,,,,,,,,
1.150472508,1.493801879,1.602355747,1.66129406,2.129196157,3.09418589,4.733165174,5.91434625,6.208052694,8.383027363,8.7993409,10.62315052,11.29686529,12.77509641,13.64982604,,,
0.189992575,2.068239422,3.89100876,5.994569775,7.420868976,20.47273128,22.39030367,23.83442415,,,,,,,,,,
0.488581193,2.355513644,4.202246453,17.7894923,17.97128144,18.32540907,19.41483112,,,,,,,,,,,
6.316258869,18.49591132,23.61663572,,,,,,,,,,,,,,,
0.848982379,2.181850492,2.621283061,3.846075714,3.970517924,5.251437424,15.28136893,,,,,,,,,,,
0.27104775,1.044792562,2.222479324,9.862493287,10.26722823,12.3410479,15.93638802,18.45091216,20.00960295,,,,,,,,,
2.805759637,6.187155851,8.226431785,9.253737641,14.40426538,19.59669983,,,,,,,,,,,,
0.421303535,1.057426642,2.445098321,2.455983879,4.883394894,5.447127238,8.024582123,9.674833587,,,,,,,,,,
1.949273729,2.965047239,4.367781968,8.650800385,8.751797457,10.59259411,11.44973805,14.54771063,17.211818,,,,,,,,,
1.943650978,7.003190348,9.715323267,10.95817889,12.23037016,,,,,,,,,,,,,
1.125742992,1.137807707,1.795742803,4.07052406,,,,,,,,,,,,,,
4.405053549,4.621319174,4.68391612,4.779279293,4.91012364,6.113168569,7.166870175,8.349089138,8.862339111,9.753903081,11.92360171,16.42518963,17.85120312,,,,,
3.37816244,4.825578674,5.247510006,10.43093224,12.35118891,16.37579086,19.84513096,20.06721252,22.65808499,23.10327049,,,,,,,,
1.572814337,2.30792118,8.823338025,21.01809125,,,,,,,,,,,,,,
1.106911431,1.7687101,2.554771918,3.358157313,5.964942671,10.37367275,11.79400701,16.92128647,,,,,,,,,,
1.315584478,3.591276412,5.764799853,8.983539712,8.986838812,11.99255339,,,,,,,,,,,,
0.042501439,9.280100638,18.80989143,23.81218562,23.93476504,,,,,,,,,,,,,
2.11483033,2.777988902,3.183784258,4.904052517,5.103237495,5.798630253,,,,,,,,,,,,
0.683362392,1.192116163,8.504832239,10.51170994,13.79622035,18.56094982,19.22306481,,,,,,,,,,,
0.755265766,1.977486178,7.13349396,11.03900649,15.1447085,17.21922156,20.65838408,22.16997175,23.42972844,,,,,,,,,
4.839313841,13.42341104,14.99825396,19.59699394,19.68315701,22.27081126,22.90916952,,,,,,,,,,,
0.588516545,2.041004063,5.615574338,12.05276799,16.02239546,16.49627848,17.39402408,17.73878885,17.91005963,19.9134521,,,,,,,,
0.651519241,0.967505382,3.598546169,4.416938846,5.173846707,5.50264054,6.347711522,7.159520914,7.569575865,8.846375871,10.57367663,14.3504947,,,,,,
3.844680636,9.05260119,10.06794251,11.51121275,11.76555186,19.50382309,22.41548376,,,,,,,,,,,
0.681246048,1.290509889,2.759626282,11.78036534,11.89243113,20.20982348,23.54031188,,,,,,,,,,,
0.015108603,0.794854107,1.906327622,6.22285776,12.03122017,,,,,,,,,,,,,
8.567977552,8.794859618,10.53010746,13.7450569,15.62357643,17.18300281,21.23651954,,,,,,,,,,,
0.997494204,1.830139283,5.297471429,7.259303202,7.706549873,11.98711851,13.19188367,,,,,,,,,,,
0.637430714,2.079162123,8.082256147,15.28557467,16.36186145,16.75927678,17.5455452,21.05093361,22.08278983,22.13768388,23.48024658,,,,,,,
1.11773596,4.047322442,4.145888224,5.781076946,6.506133062,7.286687903,9.448515065,11.65496229,14.21335704,,,,,,,,,
2.40891225,5.327071307,6.851671957,8.544360954,11.52040071,14.97557984,23.27925803,,,,,,,,,,,
0.940318293,2.999110289,3.63828387,12.93805862,20.25013217,20.54946747,,,,,,,,,,,,
3.566232446,7.004504084,8.782811799,10.17619078,12.28055414,16.82960834,16.90221327,18.52356705,20.23632989,,,,,,,,,
0.283139091,10.51125696,11.51404537,13.69919674,17.77188933,18.03309422,,,,,,,,,,,,
4.915079666,7.46864193,9.693958603,10.05853437,10.24560598,10.60961144,13.91544177,17.79075751,,,,,,,,,,
4.515536819,5.115247834,7.689812991,8.278824849,8.774216645,9.148859631,18.86208257,19.00752118,23.04778139,,,,,,,,,
2.470886785,2.679423661,4.698425492,6.881555448,7.437838026,8.085847417,8.152471648,10.02499156,15.82251094,16.46808148,20.78306781,22.17359656,,,,,,
1.428007697,10.66730709,11.34403132,12.95281276,14.02329727,14.55644063,,,,,,,,,,,,
4.686584034,10.68656504,11.32186194,12.48864548,12.64272286,12.9592812,,,,,,,,,,,,
5.055850891,8.195120239,9.588466193,11.92620788,13.08479748,13.99711628,19.16745206,22.77097649,,,,,,,,,,
1.861922289,3.435554413,7.015620451,7.339250938,11.1440746,12.36578131,13.66802291,14.88328838,17.1977952,20.03266508,20.18002161,22.1812913,23.73047104,,,,,
10.30878203,10.56086403,12.46522515,12.91396697,14.41926817,15.26137116,17.3577228,20.39718524,,,,,,,,,,
3.512459361,5.256669492,5.919371205,7.370295308,9.495021398,9.632831129,12.39324317,16.18512619,19.82540915,22.49434186,,,,,,,,
1.841617133,8.686972906,9.031165357,11.71633318,14.54832572,17.01275538,17.79972914,22.19836748,,,,,,,,,,
6.458089677,8.439306152,9.159007115,10.42789092,12.96172719,14.32511928,14.63843415,15.52874717,18.84229179,,,,,,,,,
1.168422141,4.940269216,8.38300824,9.017951873,9.405064832,9.948710381,12.43336408,15.01540137,,,,,,,,,,
3.128368984,4.761575568,7.256088541,9.393809037,10.66845301,,,,,,,,,,,,,
1.554121046,4.05000684,7.560224574,9.865354597,11.94062629,16.91482454,17.9769794,,,,,,,,,,,
4.142188293,8.920338461,12.38824551,14.3450112,14.81121068,18.82292143,19.13141766,,,,,,,,,,,
1.444805491,4.267893881,5.355500259,7.420635985,11.98744743,13.23175152,,,,,,,,,,,,
3.530536892,5.826266785,11.56933509,19.47106574,19.60609822,,,,,,,,,,,,,
2.46174751,4.516447757,4.627163349,5.110921026,6.227581775,9.839674679,11.66347976,11.79408322,13.40978264,13.6906537,,,,,,,,
1.727592709,8.338242132,9.261444168,14.33557424,14.59953884,16.70592239,16.90857851,18.88017436,19.66464353,,,,,,,,,
0.1022572,0.145838929,1.753745148,2.197959372,4.32414929,7.822362645,8.405153811,8.789704597,14.02928262,14.19383918,,,,,,,,
0.164768513,1.056548761,1.320434323,5.777318113,,,,,,,,,,,,,,
4.942293436,12.45368139,16.43776637,18.22815793,21.10604238,21.50692585,23.61859432,,,,,,,,,,,
5.258700202,5.263010653,5.558184572,10.52871841,15.37977696,,,,,,,,,,,,,
1.762131758,1.848791913,3.04889202,5.236112164,,,,,,,,,,,,,,
9.10522635,9.427909613,14.23774349,16.72412591,16.74199679,21.63731934,,,,,,,,,,,,
3.798997115,3.956016772,8.518276728,9.122226092,12.72735523,16.93412521,18.53064494,19.62749558,22.67063745,23.62554066,,,,,,,,
0.031090607,1.664501926,12.51275093,13.81941072,14.65906151,16.52198789,,,,,,,,,,,,
4.650356353,4.745763132,11.26585213,14.86455296,23.50122297,23.95123338,,,,,,,,,,,,
1.043258743,1.979388426,3.651826312,4.403143224,5.978293393,8.658002995,9.854179388,,,,,,,,,,,
1.856385471,2.39019006,3.081621552,7.142687437,8.347615358,11.69484028,11.77399164,12.76167409,13.03842897,13.97210983,16.45451754,19.34413884,21.29667259,,,,,
0.926418182,0.941705412,3.188672651,10.07800846,10.76118203,12.00748873,14.46067179,18.32484438,19.26894273,20.82800256,,,,,,,,
3.147212499,11.94564637,13.3566264,17.91730623,20.58949973,22.45203525,22.57363899,,,,,,,,,,,
3.171546498,3.42914971,6.704308864,13.03635931,,,,,,,,,,,,,,
1.429759932,2.544361503,3.184349991,5.80638249,6.951261127,7.127469352,8.616762957,10.0928641,10.72322091,12.01001491,18.02412883,19.06514774,20.31702275,,,,,
0.357001974,3.169634612,4.190239502,4.79067704,5.440722316,6.174626803,8.804056818,10.93264229,13.46114661,,,,,,,,,
1.43340717,6.443121705,12.35972331,14.25075359,16.27868171,,,,,,,,,,,,,
0.636224799,1.24614108,2.404390129,2.685556027,2.876957239,5.541813486,9.720569062,12.68519326,13.58944801,15.15292093,17.55688612,,,,,,,
0.909448797,2.380434636,3.851553564,7.339178044,8.865438723,10.36860136,10.48295182,11.28337958,,,,,,,,,,
0.131858583,5.124925789,7.474663703,8.341457719,9.612889008,11.8689532,14.5935245,,,,,,,,,,,
0.498996129,3.267953104,5.320532272,7.649366428,11.92190813,14.99639917,17.43929854,17.63882457,19.57078336,22.92988541,,,,,,,,
3.280967218,3.853137758,8.060791664,15.45871039,16.4213685,,,,,,,,,,,,,
0.674638052,2.689580691,9.32748572,9.464796526,10.68643913,12.14409886,13.76416534,18.93955751,22.11526058,,,,,,,,,
1.726416116,6.041136736,10.7520686,12.61276534,17.0661716,23.9444837,,,,,,,,,,,,
0.181077777,1.946011845,3.874775859,5.581913207,7.91338629,9.07068152,,,,,,,,,,,,
1.326989517,2.129352847,2.218422118,3.592626174,4.370021192,8.311958048,10.05334223,,,,,,,,,,,
1.811919748,5.967790771,9.070160572,9.542165743,11.97347839,15.67063331,17.41241811,18.23699562,20.48249048,21.81669941,,,,,,,,
2.114791832,4.237510526,5.768803717,5.908140328,8.510757532,8.749765734,9.408458941,10.4049609,,,,,,,,,,
0.49834063,9.712998826,20.02575102,23.05787352,,,,,,,,,,,,,,
2.156510232,2.211796617,5.346396427,8.282663555,8.640654423,10.97014114,11.88123185,11.91002853,15.65026369,15.78735358,16.56055723,18.99079172,23.09120063,23.53423918,,,,
0.003735489,1.958359306,2.222609061,3.496998899,3.716551395,5.980370933,6.497449503,9.121922431,11.45185117,15.33937638,16.22088416,18.72993615,20.55334971,,,,,
0.70974792,2.455514649,9.961169658,10.15155932,11.9101026,,,,,,,,,,,,,
1.108878759,6.650461972,8.144976671,9.530940686,10.60545361,11.39725056,11.44445875,14.54230338,,,,,,,,,,
2.362563165,3.794929682,4.327769494,7.59996578,14.17831831,14.33550516,14.40840547,18.42578583,20.31920572,21.53936769,23.84121487,,,,,,,
1.179118667,1.954425741,5.029899952,6.309042884,17.86474482,19.95899091,19.97917507,23.67848135,,,,,,,,,,
0.573747602,4.990323578,6.978464196,8.276629758,9.494007521,9.799058373,,,,,,,,,,,,
5.477216082,10.84926871,14.68535762,15.55162371,16.37260999,17.37342791,17.68352376,21.37563764,21.5977116,21.95835371,22.033475,,,,,,,
1.102127128,2.811240965,3.190319895,4.25184091,4.525634347,7.940327316,8.52541419,12.22655353,22.59156839,,,,,,,,,
0.304910302,3.451285871,3.512429095,5.656443174,5.955776679,7.531723234,,,,,,,,,,,,
0.12966628,5.715471289,7.831543309,10.51598801,11.54865084,14.13715321,15.02311459,18.02031465,18.98335727,21.37552017,21.59289266,21.60152941,23.42386762,,,,,
0.823931296,1.485303038,2.266049788,7.291860376,8.117436505,11.69665443,12.06282847,,,,,,,,,,,
1.308382309,5.113931461,5.766303603,8.837404311,10.58460248,13.17898408,15.42672805,15.58302762,16.99935274,19.37250299,19.9237406,,,,,,,
2.111177477,6.970548667,7.926531436,11.98186371,13.53883948,17.11455499,17.55245939,18.07035863,20.88048884,21.13758256,22.62069532,23.48773468,23.6861469,,,,,
0.287725095,2.940328398,6.114584044,9.060899884,15.95987624,18.7732434,19.7379532,,,,,,,,,,,
3.593580416,4.626718522,5.37439359,7.361994725,8.051998106,11.92871902,14.62844064,17.45140469,,,,,,,,,,
0.785829946,3.395702286,3.543539828,5.947831811,13.73249485,19.78276694,23.20589634,,,,,,,,,,,
1.308994065,2.537523796,10.19913457,13.04034185,22.57867924,,,,,,,,,,,,,
1.733511253,4.024565265,5.653439679,6.708254864,7.463101991,9.282772348,15.17938264,15.8655094,22.28166051,,,,,,,,,
1.07216632,2.637378563,5.008960783,13.12575277,19.34029076,22.08098502,22.9615532,,,,,,,,,,,
3.394290715,11.37445833,14.76468869,16.86252387,17.14126429,17.62400013,18.82054067,,,,,,,,,,,
1.326375018,2.556126463,3.768056488,3.897998576,9.195831786,13.2466654,13.43360956,13.83015524,13.9620157,,,,,,,,,
0.79655816,1.195810161,12.49064433,14.0412578,15.81659577,15.83018964,16.23633462,16.90068982,17.36830533,22.81759369,,,,,,,,
0.259071064,1.77228808,1.905790638,2.761500613,3.590434772,6.94624727,9.845466532,11.50562331,11.80901434,14.33022376,14.81536104,16.10564176,,,,,,
1.882578973,2.19553711,5.350690796,8.62610304,9.662932491,12.57831195,13.90973273,15.00534197,21.42707299,23.44912941,,,,,,,,
4.335634564,7.103428357,12.31543068,15.61343064,17.84277331,18.77168402,18.82931727,20.58812098,21.84348305,23.09664421,,,,,,,,
0.510154869,4.021471692,5.356439308,7.838741742,10.30913432,12.9339337,15.29410596,16.81066355,19.2096208,21.55786388,22.65223265,,,,,,,
0.654996604,0.94186894,1.822436914,2.229650305,5.384922973,6.052853108,8.255504761,,,,,,,,,,,
2.656703525,8.731350794,10.59338279,12.79342791,16.37548701,20.9176742,21.05468605,21.85441756,,,,,,,,,,
0.626915069,3.475634683,10.02172235,14.32717285,18.11709945,20.40098324,20.84989586,,,,,,,,,,,
0.163393876,1.99796458,3.955678235,6.289625639,7.624197576,8.259507409,,,,,,,,,,,,
5.241471869,5.788162566,9.332756172,11.13512613,11.50013835,13.4872362,15.13238283,17.71371143,19.76473105,,,,,,,,,
1.940692585,3.167361594,8.36045603,8.676532618,8.691857005,9.77224527,14.01527175,,,,,,,,,,,
4.777219313,6.206615091,11.08049768,11.31767332,11.83304224,14.624079,16.56880032,17.7621202,,,,,,,,,,
6.169058486,8.419342935,14.28054132,18.15972233,19.87314846,20.6610875,20.83546112,22.90634472,23.78824981,,,,,,,,,
3.918410953,5.647049675,7.347433658,11.68375685,11.75148219,15.01718134,17.82568733,18.1504201,,,,,,,,,,
0.373120462,6.113288871,6.607301368,7.941515433,10.24737763,10.61098755,10.97911299,12.98422978,16.12862624,,,,,,,,,
0.163672057,1.520255692,3.265791961,3.410649725,3.640524422,4.411562999,5.729597915,11.50283771,12.26342034,,,,,,,,,
2.926465673,3.846264651,5.823273799,8.854237472,13.31949451,13.41202825,,,,,,,,,,,,
0.115765114,1.996769302,5.067365256,7.07642153,9.639720332,10.57127138,10.92514553,13.83298881,15.39034021,23.18940575,,,,,,,,
0.81299991,1.444758374,2.162495759,2.920604572,3.194690442,3.382650652,4.851615405,8.224399829,9.809362785,9.86929058,10.23374763,,,,,,,
0.041080238,1.456505511,2.541119543,5.752794153,6.260090576,6.503813213,7.388920545,,,,,,,,,,,
1.400853236,1.811375546,2.356995335,2.437408723,6.409448151,9.949944231,10.0255928,10.93337006,14.97890659,17.26397653,19.89466612,,,,,,,
2.274982568,2.723608495,3.30920519,7.255099335,8.7397134,,,,,,,,,,,,,
1.362408828,6.979544725,7.304403126,8.228019541,12.9832387,17.3334391,20.21720373,21.23881747,22.59563439,,,,,,,,,
4.817534545,4.990861246,7.227392852,12.54797574,13.34182061,19.14600412,20.49549604,,,,,,,,,,,
0.76948916,1.448862392,6.534641753,6.899246624,7.209634432,13.29896876,15.70392777,21.70928843,,,,,,,,,,
2.643762541,5.854308994,7.284264197,7.536918964,12.49041608,13.83645864,16.0232841,17.02496356,18.57615019,21.78103616,,,,,,,,
0.353846008,3.089616665,11.6497975,14.0120926,15.69928195,15.77922763,18.71361452,18.73933639,21.13561654,,,,,,,,,
1.004518837,3.156547752,4.681410893,8.645083141,20.81303095,,,,,,,,,,,,,
1.538550073,1.555791624,6.221202064,7.100763733,,,,,,,,,,,,,,
1.270948677,2.042639333,2.790737162,6.75875345,7.471096132,,,,,,,,,,,,,
2.333776911,5.914200311,5.981749107,6.824704774,13.55322093,13.95106425,16.51105154,17.37826867,22.024725,,,,,,,,,
0.352065164,2.858691918,3.401876547,3.611644994,7.489855134,9.492411648,10.44243377,13.91138653,14.19524676,15.84192368,,,,,,,,
7.589129625,7.872061715,9.339029975,9.862285112,11.56001571,12.61550133,12.62119471,13.05179989,,,,,,,,,,
1.519338027,2.077555056,4.361789302,14.63244588,16.67479068,20.10183634,,,,,,,,,,,,
4.76499625,5.039989927,5.956707338,10.60284289,12.18054524,13.79970312,14.24946106,15.85179609,21.34851179,22.86332352,,,,,,,,
0.393789191,3.380621456,11.02739259,12.09002934,12.62055631,15.89746838,22.48252226,,,,,,,,,,,
0.204276815,2.352314014,7.687765205,9.751681011,11.40458224,14.13703577,16.47895622,16.61329375,17.179394,23.52119501,,,,,,,,
1.078425558,3.434441405,8.613846848,18.15021822,,,,,,,,,,,,,,
0.705678577,3.615974895,6.545172877,7.370922093,,,,,,,,,,,,,,
5.116351655,7.525011539,13.33035525,17.01461834,18.95139258,21.89414634,22.63433531,23.21117706,,,,,,,,,,
0.308706021,0.618232816,2.881554934,3.118845923,7.819276934,10.27158639,10.91731323,12.36914479,,,,,,,,,,
0.908591741,2.897563381,4.004541893,5.768016867,6.408221154,10.05675347,10.16647076,11.0195199,12.19863603,13.96813216,,,,,,,,
1.057526536,1.534050394,3.48246702,7.970834112,8.575884936,8.863680805,9.539808056,13.69713509,15.29059069,,,,,,,,,
4.868269198,6.792923281,7.372658703,11.24741461,12.99955998,13.46340422,14.32953904,,,,,,,,,,,
0.214670051,2.325580299,11.54460016,17.15675544,19.4763629,19.71189304,22.20807644,,,,,,,,,,,
2.559873137,4.096861126,4.202292343,6.629654936,6.953442674,12.12074974,16.78029136,,,,,,,,,,,
0.756015748,1.122930165,7.173313311,8.188639171,13.00137105,,,,,,,,,,,,,
0.131929883,0.999780936,2.400000375,5.495202673,6.466279924,11.42929053,11.6711842,17.12878404,17.15961948,19.78607568,22.18927648,,,,,,,
0.878723285,2.942906868,6.234724151,6.696226208,7.809213166,8.472615336,12.5663814,12.99751162,13.59362877,14.89977946,15.70944019,,,,,,,
0.473762588,12.28190584,15.35288352,15.62441862,17.97578552,21.66560202,,,,,,,,,,,,
2.797727873,3.205644712,17.14912677,17.26616222,19.92238054,22.2367187,22.80936924,,,,,,,,,,,
0.774231905,4.113529575,6.944091126,8.886248433,11.85493137,16.34583418,,,,,,,,,,,,
1.764624147,2.749709532,4.372521905,4.569666024,8.823067291,9.326223784,10.78875465,10.85840021,,,,,,,,,,
0.159371024,1.013325782,2.326562591,8.587896858,10.558954,12.01847722,15.1705854,17.30554069,18.69906308,,,,,,,,,
0.248468895,4.438154777,4.542612979,6.525966579,7.52250024,16.60721641,18.10373405,18.55722438,19.03779104,,,,,,,,,
5.890801218,11.49366002,13.31125607,13.67958054,14.27155797,14.4409615,14.60769743,23.170383,,,,,,,,,,
2.035579935,3.493570988,4.407887537,9.604721609,13.04840789,13.07467001,13.79080136,16.96429541,23.51013237,,,,,,,,,
0.646321651,4.903941658,9.670150658,12.45104979,13.53115304,16.97160845,,,,,,,,,,,,
0.915433935,9.029213653,18.1708322,18.64825164,20.34533133,20.92516349,,,,,,,,,,,,
0.809308873,1.490178984,3.869462767,9.331450809,17.14638833,21.51270394,21.96798667,22.81872132,,,,,,,,,,
1.483509821,2.590179175,3.383587621,5.646139525,5.929117652,6.548900507,6.765923631,7.389786969,11.53054888,11.79892939,15.45720456,15.81830006,,,,,,
0.381766356,0.632024228,3.269210166,13.99039302,16.48986208,18.25284368,19.49967805,21.48311699,22.48960516,23.74330478,,,,,,,,
0.090265064,2.109483049,5.595465478,8.465323724,10.39224911,10.91974199,11.70490391,17.09599933,18.41162839,18.43474184,,,,,,,,
0.127226304,0.744755008,8.678835437,11.15457618,13.06514948,,,,,,,,,,,,,
5.670531521,6.644834467,11.09771171,12.3275767,14.04910084,15.97712702,18.78310938,18.82996109,21.78665659,23.43414847,,,,,,,,
8.220375636,11.46009928,11.57418013,12.40647551,12.6882752,22.30888026,,,,,,,,,,,,
5.595096516,5.631569436,6.13019113,6.13306187,7.802878654,7.919337624,12.31282754,16.44509128,19.75743694,,,,,,,,,
3.968306048,6.788936024,8.049616071,10.89989848,10.93745713,,,,,,,,,,,,,
1.207226798,1.313419325,3.199485478,3.220032198,3.567984769,7.459536699,12.2915819,13.23343219,,,,,,,,,,
4.926096815,6.520465503,6.697439355,13.53968803,16.39857802,18.19610204,,,,,,,,,,,,
5.190589948,8.897951126,12.19818707,13.08196482,13.79695355,22.73316177,,,,,,,,,,,,
1.111085606,3.226736598,4.922830523,6.888656273,9.120344397,15.55929555,,,,,,,,,,,,
0.161752561,3.383811052,10.86127809,15.87212459,16.02724611,16.6033494,21.0567551,21.88400054,22.57727449,22.72218825,23.38306688,,,,,,,
3.215643524,5.49223389,6.540151874,7.210789999,7.929827127,17.59697555,19.97220406,22.1340733,22.13428202,22.62793751,,,,,,,,
3.116571996,4.249652456,5.073808274,5.273041034,6.54788864,17.16731921,17.96671952,18.12252482,21.52446094,22.09425711,23.35360034,,,,,,,
1.462633947,1.750465743,2.468917003,2.769365267,7.532884766,10.31653354,16.0776088,16.90806585,20.71597166,,,,,,,,,
0.643542154,1.864929716,2.902730041,8.353795213,10.25717615,,,,,,,,,,,,,
4.594863689,5.333401262,6.955773885,7.912558313,10.28229855,,,,,,,,,,,,,
0.465366429,1.601122274,1.971315505,2.146632071,3.120597122,4.120713741,9.366993211,9.586693107,9.68079646,12.31699655,15.04855695,21.84441562,,,,,,
0.097715713,0.197519725,10.61733004,10.83551594,11.90728018,14.432531,23.62687876,,,,,,,,,,,
2.133091589,3.116855849,5.109473,7.606538056,11.48060354,11.84392881,,,,,,,,,,,,
4.573899979,5.87140652,7.271441514,10.54435396,11.05979456,12.0570227,13.40897317,14.33115682,14.45832735,,,,,,,,,
2.863489143,3.011017428,4.33295984,4.714369639,5.583447562,10.46043582,10.96661135,,,,,,,,,,,
1.078646271,3.80291164,5.7527206,9.575735748,12.54328854,18.25701583,19.08944557,,,,,,,,,,,
0.60771757,0.763133433,7.016412206,8.567442026,9.910518013,10.05283829,12.54987314,16.16162796,19.54522677,,,,,,,,,
4.756157141,10.77952907,11.73448437,15.11588796,17.86576536,20.08619251,22.93227547,23.75451086,,,,,,,,,,
3.198156997,4.44470642,5.158779533,6.81772532,6.86445799,9.308663705,11.24615267,13.63368368,17.74994841,23.72582015,,,,,,,,
0.685696146,1.309393656,1.571317836,3.539483408,4.257431617,7.856486767,15.12964626,17.80676146,21.11867593,22.48905076,,,,,,,,
7.042831937,7.558652911,7.941097238,8.3937011,10.65430416,11.13896341,13.75303714,16.35133411,16.4129247,18.67379829,19.40030741,,,,,,,
3.240497713,4.87875352,6.127274817,7.016336603,8.823152597,20.13075113,21.79213423,,,,,,,,,,,
1.352742138,2.431202323,4.640763461,12.58823869,18.94494962,,,,,,,,,,,,,
1.685055194,4.050879534,5.34927569,5.932082981,6.452681583,6.561398779,7.58927953,12.35002556,14.66437513,20.08228168,21.2102973,,,,,,,
3.683797054,5.426118267,6.877218995,7.040117507,12.02946128,12.71281064,15.10617392,15.86192003,,,,,,,,,,
1.049151929,3.212659587,5.169103139,7.026258468,7.214926816,7.65158196,16.09646444,16.82990118,,,,,,,,,,
8.748518026,12.80273812,12.81044382,13.27433319,14.73288745,15.98725326,19.3260964,20.67935016,,,,,,,,,,
7.055459193,7.950385753,8.909670783,14.04492504,16.73422426,17.86103279,18.82421905,,,,,,,,,,,
0.722578459,1.476134903,3.401869781,4.824012457,6.05099098,7.241404129,13.08637603,13.89509216,19.66083796,20.68973283,22.45469877,,,,,,,
0.88559054,2.100377741,4.785760668,7.620705571,8.211288971,9.532705399,10.04136698,10.39067194,,,,,,,,,,
0.872999579,2.743649193,5.688707023,8.774327661,12.95334986,16.16900074,16.84295238,,,,,,,,,,,
