day;hour
0;2.838002106445204
0;10.020679628605457
0;10.020894830646203
0;10.698238415809504
0;10.996841520170618
0;11.14724520367251
0;11.46602419282488
0;12.13553361021818
0;13.004497437833372
0;14.039324231257899
0;14.70482379594132
0;16.03234788530903
0;16.279343177460785
0;18.894151139076843
0;18.93197171012339
0;20.81648030096513
0;22.138022667454628
0;23.966946036516482
1;0.5553210756655795
1;1.7272014291434696
1;10.310601510298481
1;15.333094812823363
1;15.758030087472818
1;17.04937015854548
1;19.970327664107117
2;2.1841303465922364
2;2.707372760438695
2;2.941902204225003
2;4.1515211961868195
2;11.795013782666809
2;11.955127140709104
2;12.891194011952475
2;16.710223732076923
2;17.63194851324344
2;19.245904690098907
2;19.844898874566162
2;22.401195652702853
3;6.902434813374127
3;7.072723326370321
3;11.200573328389893
3;17.03457454840758
3;18.851428436518013
3;19.347670797267558
3;22.63128191529704
3;22.93484881252609
4;0.1850049690918709
4;11.159019308495518
4;11.696611195945106
4;12.246544004926756
4;12.486367787599606
4;12.52003895926908
4;14.136966319836956
4;14.42821349685241
4;14.806232006650959
4;15.585620831205913
4;15.647590705783422
4;16.58500855795515
4;16.756361567591398
4;17.850757209997397
4;19.55680520111912
4;19.727387706552435
4;20.691782138595812
4;23.514740248823834
5;1.2458027990121354
5;1.5739461556198227
5;7.25363405105945
5;10.725610087248993
5;11.893225620132249
5;15.77020378704282
5;16.734186672252974
5;19.91009423563113
5;20.1738843515901
5;20.460498761064468
6;0.353917890471794
6;3.164028544938757
6;4.348337405488722
6;12.717091223884745
6;13.352965806137037
6;15.102760809941396
6;16.540615313222734
6;19.32823081247809
6;21.07315203152103
7;0.5785214551723976
7;3.0094205843918593
7;5.124597778729029
7;12.28344249440321
7;13.1913343667946
7;17.15090281568966
7;18.580172400569978
7;20.059093203305242
7;20.292006466220823
8;8.586086207545668
8;10.245660906273368
8;11.715674141648021
8;12.586482115891222
8;13.0407301870446
8;15.91043552465283
8;16.83507832820382
8;16.838182398696727
8;18.040080916899985
8;18.57870440791471
8;19.69436571378459
9;0.7253566627886503
9;3.324507154349616
9;12.048016976631788
9;13.568344126108322
9;13.589744578862167
9;16.695614638212184
9;18.151705651806502
10;11.820140180445145
10;12.125443831378545
10;12.37939068743733
10;15.87570124534386
10;17.201581489035522
10;17.2890265570124
10;19.188028161660153
10;21.924552178179333
11;9.57646617353587
11;11.863736569702066
11;12.076777369683079
11;12.111349760588153
11;12.157079126098441
11;12.206517413907383
11;12.69314312826857
11;15.255883619975895
11;16.12472505588823
11;16.99381219959436
11;19.51282850855093
11;19.72232753632023
11;20.28978036839257
11;22.32080512908123
12;11.601837085176253
12;12.974278629111945
12;13.005211725157828
12;15.061977972252246
12;15.361701662558328
12;17.198166295454044
12;17.82672871848515
12;20.935088027256853
13;0.25478251519864803
13;5.02780331369684
13;6.5276241794953105
13;7.118015288613648
13;8.09990852251951
13;8.278777406099877
13;8.725106420840936
13;9.513672703288682
13;11.836484960523176
13;13.179535483135115
13;13.196491172446141
13;13.29672638647476
13;17.343453472537437
13;18.445240551059605
13;18.75476680363196
13;19.174957059570676
13;21.80213736648208
13;22.38836497694765
14;0.5192773451969659
14;13.094975443133189
14;15.435436438491905
14;15.745332228989671
14;16.491778180738763
14;17.63630408243254
14;20.21952552099002
14;20.545428279705547
14;20.581261164369028
14;20.719988880613617
14;22.34871917934646
15;0.7153425800760905
15;6.460150797989092
15;8.821283420437798
15;15.845073534462037
15;16.78809203954573
15;17.36119752934635
15;18.411069132474534
15;20.578089108615487
15;23.25119477081227
15;23.836288516887617
15;23.96677107443292
16;2.27922215540477
16;8.988551443326322
16;9.644351074289077
16;12.156119000645928
16;12.274663764263583
16;12.793809104876837
16;14.941322989036847
16;15.188787195856534
16;16.326434235513243
16;17.153692250627493
16;21.092475396684904
16;21.867010824912136
16;22.043939927620407
17;2.364133665598549
17;10.255056310775466
17;14.018888978242934
17;17.09715574752238
17;17.115149365062997
17;17.457155541111682
17;18.72901518557192
18;1.6439862145984787
18;12.61998789729949
18;13.795329076866446
18;16.667767886587566
18;17.91999886734573
18;18.58814347210345
18;19.573744623682217
18;21.33983185748003
18;23.338669764456395
19;10.857048898659135
19;14.565184593222622
19;15.166477593492571
19;19.197908833369013
19;19.499874178086095
19;19.71326802923883
19;19.942565909226435
19;21.36728061785311
19;21.422435774882118
20;10.076022869381486
20;13.049159510972208
20;13.069466537962676
20;13.329559837095083
20;13.871104810005262
20;14.054327581135645
20;16.00112251906071
20;16.457608005806268
20;20.31529243343839
20;22.332925121869554
21;8.623374691622274
21;12.390705435259314
21;15.500017382129169
21;16.187374653402113
21;17.048550058966033
21;19.198017377412995
21;19.729682743691583
21;20.960779913645034
21;23.26637571820381
21;23.296136869425027
22;2.780711746969275
22;7.2544025900749345
22;11.63589210220729
22;12.246668881240964
22;15.26520901927467
22;16.229120629263534
22;16.448718263947207
22;18.353438963166585
22;19.745951082658692
22;19.83351443670652
22;20.84025737748071
22;23.569385971279374
23;10.901488563179004
23;10.90224510230084
23;16.038782578993274
23;16.549064819347052
23;22.440329319252626
24;0.8347530751921215
24;10.308003991253742
24;11.753488228749855
24;13.333942699008022
24;13.785199511966864
24;14.886574874590353
24;16.441504529070194
24;18.893619091852774
24;21.437387577654277
25;0.3758843662721615
25;10.539064158417997
25;11.223674411207304
25;13.037950418289302
25;13.842328883479235
25;14.445760194925663
25;15.08645440001539
25;15.666493236648746
25;16.093617188267064
25;17.17073352402039
25;17.89119590846923
26;1.9359346523407877
26;9.217742500315842
26;9.829829548326899
26;10.93095094719561
26;11.593741101573604
26;14.011019442440642
26;16.462055559106226
26;19.519125380460835
26;21.657048811886995
26;22.500676310303106
26;23.21221963001
27;9.20691073718959
27;10.871778173271066
27;13.43579134148213
27;14.525848330706411
27;16.052907127289235
27;16.843285667768612
27;18.74577505463485
27;20.041616205752458
27;21.31761556109504
27;22.419006586787056
27;22.61584777752637
27;23.64030787348021
27;23.79804728906951
28;13.531349931284364
28;13.800295575122025
28;15.797014003101012
28;18.26238696330239
28;19.986744555018735
28;21.78859832427443
28;22.256637417543732
28;23.688581808229472
29;1.1182879198328932
29;2.690272610832439
29;8.886809347800444
29;9.95541063321902
29;13.946789970826487
29;16.715833891731947
29;17.043637166869953
29;17.194165445960316
29;17.468729243409786
29;18.3779221120487
29;20.409857647820154
29;20.85595915791297
29;21.531502822359133
30;4.783204940018955
30;8.74514570923398
30;11.001256136616101
30;11.412866875782782
30;11.579202869199557
30;12.780442220846961
30;13.69902794460572
30;13.921338427701945
30;15.10994207873139
30;15.997338056857767
30;17.17075661125567
30;17.370702867476034
30;19.26357236316763
30;19.66031933394989
30;20.98921447109421
31;1.0787836206799621
31;1.2233974337173412
31;3.6580288765285736
31;11.613682135839953
31;14.351094985662911
31;15.27499706073937
31;17.57229417066631
31;23.026732270596227
32;8.20712739811251
32;12.315404866435586
32;12.494401674372213
32;14.017989944920393
32;15.467849409247782
32;16.50895834847275
32;18.506609279787213
32;18.554526349844533
32;20.976041093976814
33;0.09857767425532156
33;1.5338501586197228
33;3.355180791044274
33;9.500541647576542
33;10.45709336078228
33;13.102749211848698
33;13.895623929029968
33;15.714726326304596
33;23.095746237762903
33;23.77447472131152
34;0.14803937864567984
34;11.026603119849286
34;12.259201791049177
34;16.865741842150147
34;18.145883663993754
35;10.444238515202263
35;11.764679660879441
35;13.01942109892845
35;13.214696877344773
35;13.804599744044497
35;13.840252195610761
35;14.06831992895557
35;15.687436604494925
35;15.722322178841937
35;16.227679504774592
35;18.663267607744054
35;20.5727958066863
35;23.374983191257428
35;23.772375960558197
36;2.3898908596909587
36;8.582627562700983
36;15.895106786920836
36;16.146016180376577
36;16.45341943335881
36;16.7817531453478
36;18.550305280568033
36;19.44307794776141
36;19.5356934150313
36;20.795886432605293
36;21.333053690751207
37;2.3365510227644655
37;4.575703085514215
37;4.7614829035323885
37;9.813511009462314
37;13.040968834069705
37;13.684651775793704
37;15.377758257226484
37;16.17822456492218
37;17.022557649410274
37;22.43658736263963
38;5.31254138208681
38;5.655192890144125
38;10.690646837297804
38;11.713092421334418
38;15.700508047305647
38;15.983354669100319
38;16.31962105912242
38;16.411394833546947
38;17.0187420856144
38;17.16657593684935
38;18.4818323033484
38;21.222390736081664
39;0.006843425473086673
39;9.038413322140334
39;10.134502204990008
39;13.244796212610517
39;13.996214739813816
39;16.03578372287606
39;17.117742980898118
39;17.316009855570258
39;17.4205532510779
39;17.4442497788372
39;17.532689113512387
39;18.338687888915207
39;18.502523659204243
39;18.54089851606258
39;20.83312003215036
39;22.056931457479067
40;2.6614969923046576
40;7.367970895643889
40;9.743112324189456
40;11.039930240286182
40;12.037367903785947
40;14.393241865502812
40;15.02196838309123
40;17.715991514018558
40;17.764357552222954
40;19.898157657180157
40;20.133408496240484
40;22.322322285995853
40;22.35135049722168
41;0.06104913469502289
41;0.07358572264303637
41;12.097821592971341
41;15.30790006997117
41;17.065296345517545
41;20.709697872161996
41;21.013675842275262
41;21.44877291112966
41;21.97549183096889
42;0.3300486468561881
42;11.166666897631222
42;17.138905864215825
42;18.775476873884646
42;20.9904528873428
43;7.40049761241948
43;9.51670195390973
43;10.212040992973348
43;10.570401148970477
43;10.809751918722007
43;13.464369897182818
43;13.67740154818899
43;14.08148477590807
43;16.080892317514746
43;16.482516647885884
43;23.26041801362249
43;23.849962963593708
44;3.7611497978862025
44;6.930629692889607
44;12.856043585171902
44;13.500495053634591
44;14.240321104082202
44;15.110527021102268
44;18.410012316258854
44;18.45282905442908
44;20.434263274408067
45;3.4820796703821606
45;3.6624055356487424
45;8.866200041715754
45;9.996611915923205
45;13.27152564130566
45;14.336524688925076
45;15.712181240212269
45;16.37616467943067
45;17.527654140300605
45;17.966456793331524
45;17.978485848835362
45;19.1718517718356
45;19.761475203384425
45;21.13699756067135
46;8.27503221750582
46;10.018046293207224
46;10.552782835039546
46;11.350140438797332
46;15.139624741067784
46;18.400834088719424
46;21.668955434442555
47;9.198211950664245
47;9.913395105279657
47;10.113314759920206
47;10.598495721928261
47;11.253682008109609
47;11.550767489191923
47;13.084407204615367
47;13.80062571966455
47;15.824604583384495
47;16.053469526112185
47;17.42741422831169
47;17.779485393807075
47;18.928363499727872
47;19.595104421976124
47;19.687778466564158
47;20.118916474689478
47;22.655798274593295
48;0.15802685366297323
48;4.328320288189753
48;5.947130436722208
48;10.009313343946157
48;17.77302902445342
48;20.29242287810566
48;22.38320375148581
49;12.001766535754696
49;15.199896373884798
49;16.213096829882886
49;16.248693732878596
49;16.354791349947067
49;16.42779824492104
49;17.091081784501796
49;17.693907593708243
50;1.339496136978532
50;2.475415911365094
50;13.698403679150738
50;15.471864069262518
50;17.442139275571556
50;18.77052763468724
50;20.57991788179111
50;22.093630901146163
50;22.13047473115605
50;23.234478657521603
51;1.2153762106756816
51;9.396260837238941
51;10.778832929568884
51;11.76377816138774
51;11.992844788749938
51;12.010884690456132
51;14.122805010133119
51;14.595091894424476
51;19.794489869617678
51;20.226833394327702
51;21.022739671688196
51;22.993496470043063
52;5.067365615349107
52;9.165777821983305
52;9.534451616982738
52;10.388203372899588
52;11.583153255459962
52;13.362383399320615
52;15.201975434816003
52;15.35978210784377
52;15.385978218981153
52;16.20376497738263
52;18.194096142081534
52;18.211370813412362
52;19.848706961121984
52;22.410643170464883
52;23.73179802545593
53;10.976092325573157
53;12.64487392646462
53;12.653919063336684
53;13.619249050827861
53;15.973042342887384
53;18.059387441135485
53;19.563722606682635
53;21.812469143275976
53;23.819435681304622
54;0.9348499402084474
54;6.793638175189601
54;10.674972934381604
54;11.404861867333015
54;14.276716244611018
54;14.54245531416866
54;16.126503904993907
54;16.495748869035246
54;18.32490486457416
54;19.09870941073961
54;22.44712864808351
54;23.452083310539418
54;23.909109467411845
55;8.878458285035855
55;9.9349786381283
55;12.206307869184036
55;14.193803405517675
55;14.500322084748147
55;14.795434584819368
55;15.061941820193551
55;15.235690278837364
55;15.770580661107964
55;15.801078873091486
55;15.933934888421474
55;17.176863675468837
55;19.365555814056773
55;19.498215692315664
55;19.914691759847905
55;20.341555440453043
56;4.984741334235084
56;10.580634815192157
56;11.903656750179687
56;12.517984862959436
56;14.950169960351538
56;15.599806937227788
56;18.69309085318674
56;20.699668748574517
56;22.274355957789904
56;22.6502650709123
57;12.170701343076665
57;12.47054431750116
57;12.860339368760982
57;13.648245863228382
57;14.313219394113268
57;14.507605688484045
57;16.021460343662962
57;16.247342353968694
57;17.429739289451497
57;19.354175745840948
57;19.728102985539653
57;21.566039572832434
58;1.5429107345996287
58;8.613409044811384
58;10.844748403582138
58;11.41406545989288
58;13.47722172028858
58;16.880210216714353
58;17.567905965045416
58;19.71492521235516
58;19.8062202928896
58;23.768222808231982
59;0.37985526015130616
59;3.1769285496677475
59;5.832474726477475
59;6.665189852954501
59;12.695106870916325
59;13.382701968417406
59;14.363155062703418
59;15.182504267965948
59;15.34268528520738
59;15.603997988057365
59;15.693550192252406
59;16.472912939564786
59;16.800334437141156
59;17.328897776469965
59;17.47536188682055
59;19.640190657613466
59;19.81827087609439
60;10.992689733348236
60;11.295571843986439
60;12.678543918052608
60;12.757538867963744
60;14.809585927759489
60;15.061895539803025
60;15.910066130070595
60;17.43769163657063
60;17.645726686640057
60;18.714068286588045
60;19.05402227982306
60;21.764972116278727
61;1.4141849184937023
61;2.6050041239924915
61;11.225868201704596
61;11.256759022998208
61;14.197465542698904
61;15.184502865690408
61;15.767833360550135
61;17.371954013739153
61;19.059125083695186
62;10.314726226525696
62;10.927790655160175
62;10.934941807851494
62;14.868950329469456
62;17.04258459631589
62;18.759302704386023
62;19.869621705667306
62;22.632792258349884
63;4.916946370218399
63;8.558182077972864
63;11.7197239627235
63;13.841047584731598
63;15.016934569614358
63;15.597703068388226
63;16.90605777792836
63;16.909424538840923
63;18.85325336070078
63;23.475338281298527
63;23.995343260657243
64;0.5236753700315107
64;1.8579779759410755
64;4.094291553370187
64;11.844966838442334
64;13.137376334254748
64;13.590767420518766
64;13.790593602934713
64;14.228606364309284
64;15.363631135856869
64;15.806340144170916
64;16.475076429097882
64;17.129484099533613
64;19.54842217450795
64;20.515853004848996
64;21.43303032684466
65;0.06317004264985825
65;1.1568692225953046
65;5.250865214021932
65;8.341379053361496
65;10.858564598618637
65;14.062134869562797
65;14.789249147502888
65;16.5157517059809
65;17.207672970562523
65;18.611666721126934
65;18.80421834800085
65;19.66934261359512
66;1.9427830495190852
66;8.518482755481987
66;11.6803711602572
66;12.853839576980723
66;13.811014963415024
66;16.0093616762349
66;16.08518592718317
66;17.00571988630368
66;21.4911801318939
66;23.32294296592333
66;23.734042524843986
67;9.836401080415905
67;10.434059216452741
67;12.445952719745426
67;13.610963581005972
67;17.070970628535207
67;18.34546368329534
67;21.46453216359623
67;21.484719981192693
68;12.813020539812024
68;12.95230682396915
68;13.484561373081261
68;16.90291044369192
68;16.912607020576992
68;19.211865165055972
68;23.37887869223098
69;1.0748807622471677
69;2.8883696489797623
69;10.693120780473789
69;11.752758306192494
69;11.975874531747577
69;15.532164743184392
69;18.193700827056922
69;19.133290497108145
69;23.223562074957208
70;0.55517692614196
70;8.384115988321307
70;9.969347127323765
70;11.250713851611343
70;11.57576140186508
70;16.05441667987217
70;16.43069668694846
70;16.548632586241897
70;16.716935845314357
70;16.732262101816413
70;18.31302197508071
70;19.516443972602463
70;22.999852080564942
71;0.752098046193003
71;9.856060602794148
71;11.937849903043466
71;14.16925157268044
71;14.808233312094659
71;16.002133326770927
71;16.21616599394418
71;16.635529920664506
71;16.840137915451823
71;17.483194616787312
71;17.837059381123968
71;18.53824117254044
72;5.541438745710938
72;8.48267316865493
72;15.26107475810077
72;16.386105792962944
72;16.893811364819644
72;19.5291748324741
72;21.368130721283055
72;22.11454623001517
73;4.066172385970144
73;8.437628279763103
73;9.827102748994644
73;10.636612238500666
73;12.612101900468861
73;13.117502610220834
73;15.2007259277652
73;15.596199695884016
73;16.462397858481893
73;17.219567373299626
73;19.932025295310428
74;1.6778591529469018
74;2.9037001949096632
74;8.96069928712028
74;13.206967335579774
74;13.999771760154898
74;16.915544765415177
74;17.318761090637736
74;18.55388717441099
74;20.356779184368946
74;20.85179802905178
74;20.87829046228572
74;22.225366821109155
75;10.341740754185285
75;11.108641242796816
75;13.477470459642356
75;13.735187731181066
75;14.270858317047455
75;14.462156799748135
75;15.929318303650472
75;17.27290689502544
75;18.81528074917516
75;19.247427217208603
75;21.45435389177135
75;22.118674093861976
75;23.44952734927844
76;0.7280398438066722
76;3.308858993162955
76;3.6959129766615724
76;9.64016065824327
76;11.876963971711875
76;13.389797105112681
76;14.72300188356825
76;14.951136868508764
76;15.13783505358181
76;15.953612191400477
76;18.455170734498818
76;18.732031227342645
76;19.671066693914184
76;20.67281031456518
76;22.339938487109382
76;22.830747976439735
76;23.681475897295932
77;0.5644932748905581
77;10.366204337153032
77;13.0628504859868
77;13.809275511790187
77;14.96989082967307
77;15.149860468563281
77;15.955076463404662
77;16.337537386955898
77;18.775410253710874
77;20.603371766862026
77;23.08119449955825
77;23.3345029873126
78;1.2870215458926968
78;14.354638380597843
78;17.799701729913878
78;19.229483722857914
78;19.489487366644585
78;21.43812555913995
78;23.481642942381505
79;1.7594448944043202
79;5.4916346986343605
79;10.056637067685374
79;13.225599712095125
79;14.996647527197771
79;15.975490315805098
79;19.19521242103002
79;19.300968715225
80;11.263550882262319
80;11.347764460291458
80;11.69190561151899
80;12.603073327949494
80;12.798897051531604
80;14.14119801271953
80;14.201438241485057
80;14.611691914062229
80;14.688830456227224
80;16.082925195191496
80;17.32627011771953
80;17.93556276303674
80;18.215431984703837
80;20.31615838844185
80;21.14763339459032
81;1.7934712706954308
81;6.662146984305887
81;9.937386285955393
81;10.011779203897877
81;11.786034274268724
81;12.5052296734057
81;12.953444275258144
81;13.727201560537697
81;14.341400691325923
81;15.109358268255924
81;20.04660763087167
81;20.912577474178875
82;0.6795532375629548
82;6.013723077310174
82;12.322128399641194
82;13.05999577854669
82;13.438045547656062
82;16.323093797573005
82;16.3711596678599
82;20.536314828288443
82;22.48950771857597
82;23.549342832519027
83;14.936910465067044
83;15.009748027895942
83;15.83142841065685
83;15.867127052793487
83;16.787368318909206
83;17.00271469355167
83;18.297101620370018
84;6.399199778269847
84;12.18151940994354
84;13.168798753106516
84;14.751024639311943
84;16.447592801233984
84;17.21943796552281
84;18.193977430054495
84;18.41657591762383
84;19.0516787532439
84;19.294078387286774
84;21.830996911769667
84;23.42320868022578
85;1.3284786750670414
85;11.200572168944515
85;12.401291003026891
85;13.23932950358167
85;13.659608374772581
85;13.759898183790108
85;14.4441162931064
85;14.476073279229453
85;14.897558743396685
85;15.696725083847578
85;20.070855639328876
85;20.29222661373713
85;22.983636073241552
86;0.6682463720445948
86;9.611208145955102
86;10.02713364133254
86;10.190572379387078
86;11.122658284430353
86;13.598860234770534
86;13.884408306547805
86;15.62996973855019
86;16.016693538899744
86;16.280707333622374
86;16.298910759576746
86;16.84813124572639
86;17.434346206084623
86;18.86511806510202
86;18.965300634036048
86;19.221384753895407
86;19.247795585228808
86;19.43868348873043
86;21.447164628603815
86;22.827961068579647
86;23.618651098155304
87;3.3162663127383047
87;15.590155949372814
87;17.653146740636352
87;19.31228883520714
88;1.160872425215705
88;1.420467067179663
88;1.8874704570282215
88;6.542862567066402
88;9.029200370323466
88;13.88383911685539
88;14.717663701702158
88;15.616156265940711
88;18.285670999276626
88;19.10625121460761
88;23.481924382402422
89;0.08273558486032263
89;1.632631460870215
89;4.11532217007139
89;9.248694763679836
89;9.936184263354031
89;11.863654082343908
89;12.113491362468652
89;12.283641031911342
89;15.072294931733662
89;15.377770758045262
89;15.928962437504198
89;16.8473824895461
89;17.77457132010084
89;17.875835192724175
89;21.215734767995517
90;10.040689144485759
90;12.891081657331313
90;13.363035740163916
90;14.337787296296952
90;14.845642028526344
90;15.771709320052107
90;20.74395833180894
90;21.60719595359573
91;0.2701076079036242
91;2.366990284191043
91;10.275053713847134
91;11.013810212209684
91;14.296449966725092
91;15.925205445949192
91;17.57110147235383
91;18.407223444259305
91;18.72958181086449
91;18.78727321707384
91;19.366835434339915
91;19.426592518990905
91;21.754115002854178
92;0.5300202314904047
92;3.8056681622493733
92;10.654933545342603
92;11.90396866698244
92;11.966878729797811
92;12.212408020862698
92;12.58248311823191
92;13.223379970627207
92;13.295482155841235
92;14.49502163113626
92;15.344977239045178
92;16.41173125525092
92;17.02754421763866
92;19.61361829508427
92;20.68931967460016
92;20.718984784944425
93;3.4593642227469963
93;9.730566534572421
93;12.785269232642529
93;16.49738961711446
93;16.553817925528676
93;16.843197473422528
93;16.91386341624444
93;17.599144114167274
93;20.599525971404724
93;20.76224405559096
93;22.33945525184833
93;22.71323832837645
94;4.881349893585998
94;11.5577342290022
94;11.626180922661815
94;12.731183943623098
94;13.157712134073636
94;16.77473556615063
94;21.001658085876446
94;23.378262497932763
95;12.554838236513119
95;13.220541410517432
95;15.998975410496795
95;16.6147833785323
95;16.90521204025919
95;21.173114115483262
95;23.88888099542811
96;0.035929904294624226
96;10.469264199503368
96;12.481936613176844
96;13.842427822841334
96;15.434277846796068
96;15.76456104423921
96;16.765815914293654
96;18.93655226448677
96;19.014294384344623
96;19.23526825729555
96;23.165946824586193
97;2.7491059991166216
97;8.376659096919662
97;9.350017831049751
97;10.21562636892125
97;13.559312689301002
97;14.268484460054491
97;14.350057774743911
97;16.92579558522547
97;17.203200272170182
97;19.621927203452643
98;0.3862175938608784
98;4.262542533932521
98;9.640058111682885
98;11.135402446359745
98;12.725395074511514
98;15.237497382215375
98;15.61207998444519
98;18.138819386141492
98;19.32596270112858
98;19.519182121027697
98;19.926019239178675
98;21.852144284594527
98;22.60009443125123
98;22.992652178322626
98;23.330625946728723
99;9.19439860087276
99;11.152986336419355
99;15.703058719138042
99;16.174276542564144
99;17.18028478588187
99;18.3727706333866
99;19.78340996485252
99;19.879795996897908
99;23.06611302390408
100;11.208872484986262
100;12.436457991912018
100;12.80469754267619
100;14.66070587771163
100;14.66970335355996
100;15.144882700709978
100;18.044504564799578
100;19.29398247296632
100;23.396938110328307
101;3.2847602735331356
101;11.008956454614298
101;14.182692400754664
101;14.656842202423942
101;14.817536166852403
101;16.26319887044139
101;16.890003743642033
101;17.043105197918358
101;18.196124375018304
101;18.246155051159857
101;18.5503733209407
101;21.168025437337523
101;21.198874328052778
101;22.126511213307367
101;22.186715973457137
102;15.050030466639612
102;16.034218849512904
102;16.40921528514844
102;19.91994619884647
102;21.33847797205393
102;22.96243225266571
103;1.6775782758126487
103;3.563784154519096
103;6.500708277636895
103;9.114613742465776
103;9.889704156320436
103;11.474796588918537
103;13.362069364071443
103;13.462265450988049
103;17.65983890863851
103;19.630140469060798
103;23.24704170903175
104;6.2927657282738485
104;7.099786327445843
104;9.819443781294881
104;10.98719967994057
104;12.79681035289057
104;13.640798748665427
104;15.151806174782072
104;16.425468823529265
104;17.848440806359747
104;19.17589716133225
104;19.434515303399962
104;22.43124390840152
105;4.452524104728615
105;12.262378225976564
105;12.720816826141018
105;13.043281057980312
105;13.709003200290045
105;14.207781504087324
105;16.170893112203863
105;17.234259216419044
105;19.150060655972688
105;20.03845714751927
105;20.238613042195524
105;20.472150354679183
105;21.48474299122394
105;22.034001290292608
106;4.83404502171953
106;9.886262136703944
106;11.91996314365826
106;13.057637182420315
106;13.181503350272779
106;13.541110121236121
106;14.339511380621598
106;14.61067022138018
106;14.642278699927417
106;16.14051005461205
106;17.633653130583454
106;18.15663780038241
106;21.200906002426073
106;22.680212730931785
107;8.679200685606096
107;11.147433707497099
107;12.548741553298767
107;12.934493740341313
107;13.960823476322984
107;16.559205403571834
107;16.952103893042327
107;19.771239830995327
108;2.290372217142659
108;4.838049464597333
108;10.36345302482404
108;13.978385774868617
108;14.076684506083303
108;16.50733136213713
108;16.73600474714732
108;19.21496325875614
108;21.202398665393176
108;22.299360111952662
108;22.756692735462373
109;1.9888779165418158
109;10.894184064575288
109;13.592436227036414
109;14.839973953340364
109;18.555684581934486
109;19.89302316995602
109;20.291875881672404
109;21.482592899844665
109;22.575277671487548
110;13.780131030457282
110;14.385295173631267
110;20.87758213271932
110;22.76037251346021
110;23.195953093372975
110;23.34328607325612
111;0.4855797738453433
111;1.049316004813367
111;8.270948261992226
111;9.963766817959794
111;16.521169508651333
111;20.12855439669093
111;20.437410417060935
111;21.527060100860783
111;23.139968374374575
112;1.830170432162304
112;10.15762862921101
112;11.340457372815147
112;12.20362877951177
112;12.726699698424085
112;15.787134845240026
112;15.812586833863458
112;17.805786151282945
112;18.0778832673393
112;19.75927479045637
112;20.547462296715402
113;10.63756690791829
113;10.884014326118818
113;11.225926045236589
113;14.460163069210948
113;15.491450838871518
113;15.909530744935216
113;15.910394854489155
113;16.193250636434673
113;16.362928130565223
113;16.608541889651143
113;19.61449769192831
114;0.07298525654019529
114;8.142205325374944
114;10.104631778117493
114;13.069723764616803
114;13.98871139806239
114;14.543018037034322
114;14.937923339758715
114;17.928734986157135
114;18.590710955415226
114;19.598047380571295
114;20.07496960021573
115;2.010377303011527
115;5.11579322501041
115;8.193297746062708
115;11.256302590643195
115;11.583867838615587
115;11.778403013694746
115;14.422181203324744
115;16.006937141388796
115;16.971129515171622
115;17.322114351864972
115;18.608593771095023
115;20.185037232965364
115;20.94342780334436
115;21.10207621972783
116;5.149631088683808
116;9.167543814974069
116;11.944707835185909
116;12.442699956653557
116;13.76662767920184
116;14.472904120791874
116;15.05773146650387
116;15.210841017052969
116;15.52732505222506
116;15.620740411009292
116;16.027156687044645
116;17.579866665660788
116;18.853260328062056
116;20.717341557668114
116;20.733429104955253
116;23.45902023617299
117;2.104192372173935
117;3.7194455239069675
117;4.990161928935149
117;7.049262621898253
117;11.927374490084969
117;17.0644396637702
117;20.674114171563136
117;21.64942625385896
118;2.557206312848921
118;8.377824182156903
118;11.995319546799168
118;13.103691274134924
118;14.273805323107826
118;16.07545783929421
118;16.189516305081813
118;17.02499096040716
118;17.608581209879794
118;18.84642935539333
119;3.481536924545123
119;7.606448489256446
119;9.54756603536626
119;12.382188598500383
119;13.908501040310691
119;14.529737947340735
119;15.885806251092198
119;16.4497314729721
119;16.607732720832306
119;17.30193442540007
119;17.823302379190718
119;18.14694169004985
119;23.123011467588366
120;3.9227796120008924
120;9.500359248486086
120;12.024514658886062
120;13.287490701889142
120;14.826498970099834
120;17.91528911985023
120;21.0720503377362
120;21.53654380883083
120;22.341353151798035
120;22.548382480440573
121;12.307900861192936
121;12.772226250617875
121;14.248726208431385
121;14.363743999710639
121;14.653660175586692
121;15.470145815896373
121;15.595443416851671
121;16.145186069051945
121;16.97903160186649
121;17.505740258693244
121;18.57988306283388
121;19.72851241661106
121;20.61816757615035
121;23.45317705417699
122;4.839575423603442
122;10.389158993466443
122;11.772855569042857
122;12.510355174919917
122;13.892672521003218
122;17.047874607754427
122;18.224858750487737
123;5.164194959150908
123;9.076039890378745
123;11.742266136420628
123;11.801546381114488
123;13.990156525310928
123;14.885627323180946
123;14.892156555883377
123;15.267337459637151
123;16.126347214644767
123;17.834801742765492
123;17.904669105606363
123;18.983280031173187
123;22.143385333580827
124;0.89243180373077
124;11.86774635084292
124;11.987873501991752
124;12.544465871145151
124;15.779737793820189
124;17.419106203334223
124;18.629307933895127
124;21.915610017186385
125;8.62503776066881
125;14.78428778742714
126;3.072824217555405
126;4.05417658113008
126;4.539651179241561
126;5.072349386483101
126;5.2272508070005905
126;14.190241058576607
126;14.312188804925158
126;16.428722765048533
126;17.802633228221403
126;18.700660835915716
126;19.325374977471803
126;20.01807081788403
126;20.577636316536037
127;5.496590232524458
127;10.770328429480719
127;10.81974978720943
127;11.809191123771628
127;12.35628943103005
127;12.406897003998953
127;15.28694851038302
127;16.910399569397217
127;17.406123060660747
127;19.623215392904882
127;20.29438627685127
127;20.99763131614097
128;8.649983994200602
128;14.996630016800626
128;15.834699903695029
128;19.707609146153473
129;0.8355099511685569
129;5.626588839276
129;8.829780607776064
129;11.467967326800682
129;12.454789258925473
129;13.822240714850562
129;19.587326005722936
129;22.857805148441788
129;23.67647883431057
129;23.85367574309418
130;0.5287554427725767
130;5.04791582651217
130;8.899822951446632
130;12.08176527524454
130;15.690576058903687
130;15.91189302608159
130;18.2475625475348
131;0.6955360010980174
131;12.675933109547945
131;12.742387210411328
131;12.844497619611793
131;12.854508025306037
131;13.389761031376498
131;13.46666557298278
131;13.933577438586793
131;14.47839949331059
131;18.07420068330979
131;18.956846925902184
131;19.46513869872193
131;20.689246973857564
131;23.218590715753134
131;23.44278897874929
132;7.487834867936875
132;12.095242363165232
132;14.721173460309045
132;17.221932220840195
132;17.837964918739228
132;18.62665071379768
132;18.772540746424028
132;19.140505729753162
133;8.07290824708534
133;9.273000805203552
133;13.47987514948358
133;16.133191084501917
133;19.378870120689385
133;19.647137234702722
134;0.38114456850053097
134;7.195723676443714
134;8.556399135569366
134;9.857943446046812
134;10.23119708556797
134;11.276826746665161
134;11.412144713748063
134;11.691624985804568
134;12.034877180164507
134;13.823850628843541
134;14.88382155158891
134;17.205302064658653
134;17.56460674039563
134;18.889658433331697
134;18.93737808235636
134;20.090244547311244
135;0.9702073514821759
135;14.085947311534907
135;14.098100141312036
135;14.455111675748022
135;14.76549524830182
135;14.825150262544986
135;14.837673619874826
135;15.611570618356334
135;15.66417235103782
135;16.031316838896455
135;17.1595158375753
135;17.606635395959636
135;18.00965634744137
135;19.261939728611537
135;20.022542914003008
135;22.85372856894419
136;0.4433927140504775
136;7.351170834376527
136;9.289751218345152
136;10.153296994186666
136;10.422259127881645
136;14.59553956822262
136;16.45221744365056
136;20.240545535372746
136;20.632364772579198
137;8.185474073989745
137;13.559495072328204
137;14.006335413116402
137;14.39960364210193
137;15.352013036217585
137;15.583581380293962
137;16.23225617177164
137;16.453585467143004
137;20.55541418850259
137;22.14963696341733
138;11.242016569234114
138;12.93897937933834
138;13.841135186780862
138;17.879530492779878
138;18.08236143575647
138;19.516366239750543
138;21.646381921784208
138;23.133956031024354
138;23.250284258208943
139;1.2768260953002217
139;5.404965574602674
139;11.33959337894121
139;11.79832269772349
139;12.630562226791126
139;13.080629981309611
139;14.58137379530527
139;20.559723319137166
139;20.93298097699617
140;2.065263124092487
140;3.6770242221985945
140;4.067504299916386
140;5.093175565269693
140;13.072798842062712
140;15.776008790557729
140;16.15467405960419
140;20.04059802539495
141;0.47765938095174276
141;3.7714351686430354
141;8.511722294149017
141;10.955398400491157
141;11.229373143128731
141;11.252405927656929
141;11.72966143783151
141;11.753733074966314
141;13.51306282323671
141;14.537589713838418
141;15.011932756803896
141;16.691854298817265
141;16.862014345607676
141;17.196076657155235
141;17.638884988161724
141;17.918169373952715
141;18.038342585501766
141;21.450621826282994
141;21.68463285308278
142;0.5879258239593292
142;1.1853151540476172
142;1.2541954503777606
142;7.229951641245059
142;12.845509650816087
142;15.359355360920862
142;15.82625229196389
142;15.857367069350461
142;17.719109135438753
142;20.101990599102624
143;1.2445683638552028
143;8.787221310586995
143;12.094982537165867
143;15.215358936842108
143;15.898829805554762
143;16.784557286380775
143;17.648008685605863
143;19.266266916689204
143;21.407860891911863
143;23.27015254806355
144;8.75655150807479
144;10.52887389693241
144;13.354744312663495
144;13.799011011794398
144;14.057369862781897
144;18.191860117014322
144;20.2452010190862
144;20.820073414136207
144;23.043473346535137
145;11.41686076604364
145;11.54708752287624
145;11.681999156912767
145;13.240036389734607
145;13.581202543810578
145;15.36208943654394
145;16.297157196897075
145;17.571610359792427
145;17.71771350337052
145;17.83047669324937
145;19.180980059606053
145;20.016890726574704
145;20.191356949646188
145;21.102840651458262
145;23.76484634757901
146;0.3588386124713658
146;11.020153846215951
146;15.244826456329225
146;19.23639719851006
146;21.768236371876736
146;23.135015824774428
147;5.3687580532083565
147;8.235290805084773
147;9.505033686524532
147;11.3412332357384
147;12.82219433162986
147;15.502015731457357
147;15.834058723969527
147;17.487134643524016
147;22.40416005209478
147;22.407039557992363
147;23.824325395305173
148;6.104661020558745
148;11.768752589263771
148;12.092115588920143
148;14.816379780979345
148;15.342644535265618
148;17.92264533112777
148;17.95863683467913
148;18.077576691575842
149;5.010648210502612
149;10.018525543464946
149;11.029374655766702
149;11.316090291960096
149;13.03558571945485
149;13.08614355753279
149;13.58722069189056
149;14.101889723906668
149;15.22806175583707
149;16.39857081539226
149;18.726452771555174
149;23.978743001490653
150;7.004090646558156
150;10.243454088005087
150;11.164834336022608
150;15.810356729296517
150;15.99944425323064
150;18.74536392172466
150;19.293212410177613
150;20.66473252618056
150;23.412614030647017
150;23.925519645657594
151;0.5990466976818838
151;4.890178568173591
151;11.13919620739882
151;13.05583108947255
151;13.225807549282388
151;16.03426745858889
151;16.739885799791047
151;21.048858680143642
151;23.136910190499314
151;23.305370330162514
151;23.735437464164118
152;9.95540659619931
152;12.051167781465338
152;15.158738513154256
152;15.609851114483828
152;16.437918157090717
152;17.679357347963556
152;18.887649974336185
152;19.285638359633122
152;20.199612926438675
152;20.744565932556764
153;2.3410261209592136
153;14.57155018880343
153;14.655929083194879
153;16.09251093873774
153;16.525165575765847
153;17.694500548670614
153;18.081771049552117
153;19.59806071320635
153;20.400315245998645
153;21.089971989169122
154;7.97855196464289
154;13.641543232403258
154;14.837330707990706
154;15.122703683300529
154;18.43660451366178
154;20.652723722885366
154;23.865949321398244
155;0.694285107093616
155;10.258750321750188
155;10.775323262884992
155;12.400552585367686
155;14.1801117951949
155;15.776212370859495
155;16.320394013146412
155;18.02210895635792
155;22.17744470677
156;0.2657835717183264
156;0.6588264299933722
156;1.3575090737708944
156;2.0641147824969646
156;3.199764540050962
156;4.082239032576366
156;10.82150320327664
156;10.897154484617015
156;11.343078972661623
156;14.443067522927183
156;18.796518078133097
156;20.28216954211911
157;10.530294459354748
157;10.613875375304486
157;14.967319602611136
157;15.391287117170002
157;17.17880985201122
157;19.456009715822052
157;23.656071692698884
158;2.207991507293099
158;12.207080155601599
158;12.720596968982907
158;16.12528199580971
158;17.198838058846547
159;2.2185688705723745
159;2.41395315748442
159;9.879512050927284
159;11.399958944038266
159;12.499528614223633
159;13.012566082488828
159;13.543638933167639
159;13.928721007301794
159;14.238114397227072
159;16.10882982583478
159;16.862531825683252
159;16.956324843504586
159;18.925092926235916
159;20.1432097526027
159;23.271752615369984
160;1.64191646729153
160;4.8728672100024015
160;15.017256349468367
160;15.049630736275418
160;18.206584650428056
160;23.341042159381214
161;0.6187316733985425
161;1.957118841867397
161;8.666334157563602
161;9.306835040643405
161;12.338912669517892
161;12.843268666913728
161;13.338958041989653
161;16.304477525166437
161;19.27342753704697
161;20.58611459107137
162;2.549302973431329
162;5.563356035365931
162;17.1912933020841
162;17.91951720871633
162;18.390125257593898
162;18.447957556667244
163;9.813615788425329
163;11.040779420807882
163;13.168316530560947
163;14.49498175361844
163;15.98511437202475
163;16.04242918730826
163;19.19670667305672
164;1.4027925256641376
164;7.326424870815339
164;14.149431990445192
164;14.55342095129397
164;15.62950350703254
164;16.19122911315749
164;17.307342651145117
164;17.765294218969466
164;20.307390254708924
164;20.445632740910796
164;20.527384546555954
164;20.624191932525644
164;20.935788037864455
164;22.20892602301439
165;10.93528458767628
165;11.128417027372777
165;12.825228712435383
165;13.870181110221758
165;14.415269524776502
165;14.685828980881396
165;14.991085698683241
165;15.04241311361131
165;16.43351390728263
165;17.68680592111618
165;18.465816578145162
165;20.466447502862692
165;20.689091424691476
166;8.643028801722085
166;12.431701298049548
166;14.000847044427923
166;14.584053798855239
166;15.225136928067524
166;15.968784569504294
166;19.425080976062965
166;23.668304913556522
167;2.4603759248781105
167;8.383678979346838
167;12.66443157936214
167;16.366778861756057
167;17.554555537380363
167;19.4713930968829
167;20.188697170519916
168;4.509916134309805
168;11.426281512717127
168;12.744005259754404
168;15.352345885845414
168;17.508578573727995
168;19.844470149413084
168;20.07954996123643
168;21.725478356390468
169;8.513785611538184
169;11.705662130393971
169;12.612315007116795
169;17.273445455127167
169;17.643201315136455
169;18.173353623356007
170;0.16965680201399827
170;9.701796295326583
170;13.589425738750819
170;13.605068769396986
170;14.2245742228407
170;14.553517580560086
170;14.983292429559018
170;16.476034919894317
170;18.029464124158487
170;18.873218750489706
170;19.57116005469241
170;21.21302679422878
170;23.17786430133708
171;1.8083446438894288
171;8.536828743784266
171;10.045044736692175
171;12.55616888726032
171;13.042271249849765
171;14.432015113047385
171;18.236090552060112
171;18.24094054899307
171;20.181216800697996
171;20.401755682615796
171;22.215160889192497
172;0.7393006514131559
172;2.3491298928914937
172;11.887618412255351
172;13.429684359904874
172;13.78336947743624
172;15.556402672486136
172;15.682399193386233
172;16.57140047909669
172;16.679142210173726
172;17.733487662177694
172;18.113810264027595
172;19.628271022418048
172;22.29285001275792
172;23.929473281053316
173;6.6641407159714205
173;11.585267956054679
173;14.065577474491679
173;15.230355819578627
173;15.908197533144095
173;16.478306879136557
173;19.125228056052087
173;21.34695998966062
173;21.865278852480643
173;23.802314467382928
174;10.918258584341977
174;11.185415193817803
174;14.01832072993717
174;16.03186920574805
174;16.77896400308938
174;16.820332471404054
174;16.992665395012047
174;20.773057204219256
174;20.859356389274005
174;21.99465687301621
175;0.32360757808874036
175;1.3602641262888233
175;13.943679809094432
175;14.15629266343425
175;15.098308851164726
175;16.17756430224053
175;16.46119655727774
175;17.165199626612836
175;18.031996867908063
175;20.214980496274865
175;22.558861664553906
175;23.897177643508012
176;6.7717243997553975
176;9.575853040464967
176;11.094409264629915
176;12.842038167273286
176;13.145143981829426
176;15.110653782545741
176;16.14737076649836
176;22.204778596366193
176;22.90558253282776
177;0.2818146983081119
177;10.988003695583156
177;12.459571554914032
177;14.288299562481644
177;14.942204151843267
177;16.238518977075977
177;20.127450600770157
177;20.55432127405323
178;0.5569949970419491
178;13.0857763957915
178;13.105470155785884
178;13.43066715556934
178;13.598214276833058
178;15.387244516453114
178;15.482963630778833
179;7.3693683351259605
179;9.455067539684794
179;13.536817673778387
179;13.817232313846983
179;14.545268022441407
179;16.655406842406894
179;17.749763602638406
179;18.578552999222612
179;19.646770822157862
179;21.269210466081734
179;22.81380284081616
179;23.281919843772226
179;23.511945286938385
179;23.823648812757106
179;23.92615070813643
180;4.388772880381227
180;11.50562489745003
180;12.21566208244678
180;12.350467044314083
180;13.238032203572883
180;14.4329786674185
180;15.103001416889745
180;16.940309207831092
180;21.301238380537978
181;5.080242683887835
181;10.55235748073011
181;11.614804415552575
181;13.426756829455678
181;13.444884916241923
181;18.30291026890386
181;18.560092980037307
181;23.255966223939787
182;8.266690077360396
182;11.81992384874129
182;12.338867294092847
182;12.76477595101556
182;13.568157118366878
182;15.852818601378887
182;16.505689186580433
182;20.256382339815406
182;21.11605865297664
182;23.491131464678766
183;13.158718140201218
183;14.495307530519709
183;14.552342781825178
183;15.290768958900621
183;15.751363237479561
183;16.582756492085892
183;16.944644107152165
183;17.101361377250196
183;18.547247229788795
183;20.34089029294663
184;1.9797505401814606
184;2.8173699630873257
184;10.63202311115661
184;13.443029898415595
184;14.765466110550385
184;15.042752208308782
184;15.385181899319909
184;15.9978155664397
184;16.8407034322934
184;17.642270099610705
184;18.477732861184247
184;21.74001001366282
185;6.852150483317953
185;11.643675431015978
185;14.668378402158313
185;15.65041213663784
185;19.908207447245438
185;21.89071629121466
185;23.99650766088172
186;1.9073600165744815
186;9.234766270098506
186;9.382327429910605
186;9.781896084149622
186;10.114136860136194
186;11.91861243082922
186;12.241299296334734
186;12.959685695939783
186;13.029398586175642
186;13.386650898913437
186;17.31507659396966
186;18.240780012464292
186;18.46384386332072
186;19.547635677742946
187;4.425405676776163
187;11.70831441595234
187;12.532163170959324
187;13.083413518862484
187;14.920222506035321
187;15.237239730606865
187;15.568724362347265
187;15.667978588458913
187;17.994230377338504
187;18.802889788743197
187;20.09066578644611
187;23.200055719795312
188;7.872170133683286
188;9.894423229681486
188;10.31103280629954
188;13.229389922412592
188;13.271644793748465
188;16.743180302755825
188;17.79724792415763
188;21.085754903440428
188;23.4150816799045
188;23.966188532217057
189;1.5909147743224277
189;7.221909727133184
189;14.073509650889418
189;14.323312303397033
189;15.181560635982217
189;15.657610506374624
189;17.306681814235127
189;19.550295860740828
189;20.512171211180263
189;20.948470424781405
189;21.107677980612785
189;21.669005670333238
189;22.522203372507537
190;0.8949013196905234
190;10.897905968072815
190;11.128317684857269
190;15.529437126225098
190;16.791528068391518
190;18.518605679639602
191;8.361757687688907
191;10.025893151403485
191;11.372196202004874
191;13.201599965230276
191;14.152200991535429
191;14.587515752940842
191;14.723914850546556
191;15.124271012243154
191;16.7448381982929
191;18.00915095395186
191;20.488659383258774
191;22.183585015657414
191;22.919424433594187
192;2.2151881635616575
192;4.502229019366363
192;4.701144034991012
192;12.313077380241184
192;13.196435556051442
192;13.94167128552004
192;15.555968912180466
192;19.207517706575175
192;19.32646540207792
192;19.626032765475813
192;20.291350732458774
192;20.837098869253253
192;22.569547087184674
193;6.909975781570825
193;12.004313243832634
193;13.439614135793484
193;13.808190959976466
193;14.077731792318849
193;15.686182726110944
193;15.992170062229947
193;16.829882232743717
193;18.60615333287796
193;18.959023150866997
193;19.25546894037884
193;19.319536246288983
193;19.571817327279497
193;23.682587704037324
193;23.892700031807692
194;0.8158692563957132
194;0.9540123367012462
194;8.674348018486755
194;9.499399485589299
194;10.663584890801804
194;10.945821382048699
194;11.687872335294957
194;12.603615900838156
194;13.550532257600413
194;14.262962990131431
194;14.395769176549862
194;16.11091377686938
194;16.270281980311164
194;16.86654440527281
194;17.248213332713625
194;17.706852994505965
194;19.241568621576164
194;20.476554747011978
194;20.879446919729098
194;22.48938415271328
194;23.440201228436024
195;5.556620758487615
195;7.954269011177361
195;12.110783693843175
195;13.309386183897152
195;14.22014876381038
195;14.578545199799173
195;14.830843698731671
195;15.56525355166527
195;21.06512999384139
195;21.426602071970112
195;22.298428837699568
196;4.7583825186711195
196;10.235263254737237
196;10.850083402679338
196;11.461107024120746
196;12.337802425193589
196;13.722838423984259
196;15.279825309664245
196;17.491380187090723
196;19.01821144801234
196;19.445583377038844
197;2.2887231237644063
197;10.306938877759375
197;10.997947674054755
197;11.56096041564595
197;14.637093611437445
197;14.802157759692616
197;15.951626085290526
197;16.305093284886397
197;18.451207728832713
197;19.07968572488858
197;21.5478689486236
197;22.09845402791525
197;23.633317503884353
198;8.974856577196265
198;10.259203227923376
198;10.590768102787647
198;12.31478410968313
198;14.314160862676232
198;14.716850973223675
198;15.417142404686631
198;18.115010353329073
198;21.63278773564184
199;0.8229874451405355
199;7.201368459687264
199;11.708857305720365
199;15.05808377136649
199;15.060920950110683
199;15.632960561620067
199;16.539276440570138
199;18.158673527552892
199;18.283341925588218
199;18.978499888042904
199;19.493289887313754
199;20.439743491056177
199;22.003947360755152
200;0.8102156128248597
200;5.101724752216459
200;10.088549135021204
200;11.601452450463219
200;12.519103264517053
200;12.527692451484345
200;12.900117195061712
200;13.440083060423817
200;13.653406891798674
200;14.801864481221232
200;15.885599980089635
200;16.639395267245362
200;17.067853862807276
200;18.451257544910785
200;18.738723742611626
200;18.746756932978748
200;20.972671707116717
200;22.49393111017069
201;2.5409429855834813
201;3.825444560226385
201;4.251420026802027
201;8.184939468337845
201;11.139028587430248
201;11.306831071368062
201;11.64391453205578
201;12.645315700484147
201;14.023760394265075
201;15.666438038926133
201;15.797788466361876
201;16.864858520762162
201;17.467243455822775
201;18.943754514403533
201;19.294379454034072
201;20.581006346021898
201;20.94206676587876
201;20.978103731841177
201;22.728338993294184
201;23.2016217406481
202;3.1953259510840843
202;8.706059392900281
202;11.809444739555918
202;12.647276019609565
202;18.263585755355095
202;19.28969231734528
202;20.386267732985612
202;23.588341106299332
203;3.4339224005146725
203;7.130306119412718
203;9.869953243849633
203;10.305973957895402
203;11.20308305982136
203;11.250130597635689
203;12.234208655675157
203;12.78663017350583
203;13.83752669320608
203;13.87739368211039
203;14.880053088446957
203;15.281143069735299
203;16.243410324374945
203;17.792782882795905
203;18.57013854286232
203;20.266845177727493
203;20.788553634442025
204;15.064688896061165
204;15.379099178488826
204;18.77768127152421
204;19.129040155235856
204;20.2619545237475
205;0.23101364118267814
205;8.511191701182167
205;11.317137052541819
205;12.239459239989234
205;14.264798019324635
205;17.145926391198735
205;17.89159608986073
205;18.907132620885292
205;19.000204439378894
205;19.783239191320163
205;20.94116239642248
206;5.767891140493365
206;6.936208584148443
206;11.063930081857952
206;12.3155084171704
206;13.718186534459498
206;13.758759858747252
206;13.971720746292169
206;14.383345327905284
206;14.389327353410042
206;15.686535818132302
206;18.07894265803894
206;19.18251580001012
206;20.508447304252005
206;22.848848569508043
206;23.580858280955873
207;0.9804460324787875
207;7.198735373660172
207;11.640722973944815
207;11.98892885775485
207;12.670826288383978
207;14.5168498432189
207;15.02536740282872
207;15.08049216555909
207;15.27262655538837
207;15.51615261468904
207;16.27563717830752
207;17.432135057985437
207;20.595415673499307
208;4.773560552814359
208;8.069733799939117
208;11.41716634083879
208;11.930458464339777
208;12.714186595451448
208;13.24198861262194
208;13.958445870940134
208;14.258124926866076
208;14.728671688469435
208;14.887921141158989
208;18.836291471223934
208;19.917939718233242
209;3.9350597621990864
209;10.524727897816025
209;11.555751626228595
209;13.720464853076704
209;14.956119144598043
209;15.368652924571563
209;16.193010648113273
209;17.638538876742448
209;18.111757950082758
209;18.128920997018742
209;18.55430110253418
209;21.278512737536555
210;9.13408873746732
210;11.211969733913234
210;11.43235283502846
210;13.629618523974933
210;14.578671356455791
210;16.18678851616462
210;18.57523899630277
211;0.8305331181852372
211;8.301450878352195
211;12.35846833819313
211;14.29304901906803
211;15.815286046043791
211;18.118766611631226
211;23.013987312582838
212;10.004053030170288
212;10.951863379037267
212;11.09616389300802
212;13.81082654451754
212;14.775607456761726
212;15.675588677374714
212;17.679876533045785
212;17.72150811720471
212;20.9914890509006
212;21.07805500055727
212;23.872409154704524
213;4.649150659255313
213;10.07929788216086
213;10.96081617702239
213;11.46614000770478
213;12.631799387100143
213;15.445801290087596
213;16.37001872747242
213;17.646414158029852
213;18.41702185706229
214;3.975991186529297
214;10.509772229316498
214;11.274978642271273
214;13.013901097789745
214;14.05804060191081
214;16.54066057535779
214;16.888013343809178
214;17.013654961884892
214;17.285538595203302
214;17.91239826059368
214;20.93454074413523
214;21.713815316544142
214;23.974567986141153
215;5.963224719688359
215;9.129490022210616
215;9.272299382142178
215;11.883369869200193
215;12.473771663441218
215;13.271890507051266
215;13.907411025591967
215;15.230555704194005
215;15.332585544622228
215;16.224234213677953
215;16.24101770800369
215;22.858853070443566
216;1.6056758579043
216;4.662486347490763
216;6.1179012490263975
216;10.696051587568926
216;14.279593733223228
216;14.748563731850512
216;16.393428792161366
216;16.75947919633284
216;21.653572378262098
217;0.78855600463302
217;7.870018219705576
217;13.374603137213464
217;13.795158024223664
217;16.775311275161755
217;18.19689774252164
217;20.483607296631323
217;22.50999122178601
218;7.210568596092682
218;10.919690769877166
218;11.179178189139053
218;12.718319963054403
218;13.220012599453879
218;16.208282175165653
218;16.446867288725556
218;16.81022082571748
218;16.86294886079828
218;17.59748834226438
218;18.68263629534173
218;19.978489040906062
219;2.849183885408321
219;6.011780276263921
219;9.333407521605901
219;12.83718267072961
219;14.024749314915503
219;15.299530547250447
219;15.668178232386122
219;16.404695408579148
219;17.53639003264478
219;17.71974923096009
219;17.76260457180163
219;17.916767463782712
219;18.79546304189217
219;18.82858554569484
219;20.43058741059422
219;20.626804791728887
219;21.237443890581165
219;22.710889012918404
219;23.03676448483183
219;23.636480751322516
219;23.67698248512691
220;13.632290986530492
220;14.822637518028209
220;15.37356415163535
220;15.403946816567167
220;15.962218282774845
220;16.614523579875673
220;20.322553233459576
220;20.94635673754184
220;23.327834774219603
221;4.132741574210443
221;5.782812256579408
221;9.580521442590632
221;12.369025318469452
221;12.543892425769695
221;13.894487098320536
221;13.929920962529824
221;13.939410518660612
221;14.019869759962017
221;14.82412312003844
221;17.826242293995495
221;18.523607845414926
221;18.62983486843543
221;22.427253236415822
222;0.0038089271621092016
222;1.9216008691049256
222;13.162485461354569
222;16.49605618548426
222;16.821241738074466
222;17.0760094386605
222;18.228081246219777
222;21.318113622037018
222;22.394371384688128
223;0.5787618236387391
223;1.4832778669919398
223;2.798966507294197
223;10.306544865572617
223;10.61253296958597
223;11.159576500969829
223;13.060836649453757
223;13.08123949133773
223;13.125152268712274
223;13.580076157359331
223;14.119399763423168
223;14.670275127157112
223;16.53121697829327
223;16.57078842248827
223;17.059323553373773
223;18.384583202429663
223;18.59476076513896
223;22.28380482690284
224;1.0836295595057122
224;1.8680545376676791
224;3.279281651044909
224;10.330532217231465
224;11.248529126697452
224;12.304185081246633
224;15.247041085282152
224;15.41412145405982
224;19.592670787752187
224;19.661507267526176
224;19.827003596520623
224;20.273532990405325
224;23.968279751690226
225;3.161403274681431
225;9.580530158991209
225;10.074976804579942
225;10.418129256406264
225;11.659582574898904
225;13.734396400334978
225;14.51792000278647
225;16.819345674854674
225;18.179652449985543
225;18.56980693217931
225;18.934468677116346
225;19.66421054947378
225;22.787936156464237
226;10.70504881907757
226;13.799316221676316
226;14.188297817961681
226;14.83929958304122
226;15.920267429915421
226;16.778529792205603
226;17.368868914806463
226;17.505827677828577
226;19.1983609405571
226;19.3441452681405
226;23.605873313092808
227;9.947439579268657
227;12.061044755970661
227;13.16236137778465
227;14.706629184765733
227;15.297182600852663
227;17.06278371999604
227;19.12274833044877
227;19.389853103165365
227;19.994170070412824
227;20.79856499880588
227;21.880603217768567
227;23.817810476705766
227;23.898759290450094
228;6.575535244102621
228;8.252553232611865
228;9.96282940066199
228;11.084308757346014
228;11.747535434619532
228;12.551121259481095
228;12.893436601305094
228;13.011631238947182
228;14.07932789893408
228;15.17440795672207
228;15.352092363414567
228;15.6488255098727
228;16.028762951269883
228;18.130981079830942
228;18.35781453387544
228;19.524192859630542
228;21.038624689589547
228;22.115430725871626
228;23.2172079668833
229;11.697370322143643
229;13.039548336450318
229;14.418797471641343
229;15.226323481082751
229;16.384054978641213
229;17.459929008854004
229;17.660815419428182
229;18.194274242607385
229;19.040116464427005
229;19.256211253211454
229;19.968989475173462
229;20.457355263760203
230;1.4873102296029779
230;4.095562596005898
230;6.246900014487757
230;9.209075132085534
230;11.512725423450659
230;11.617700367801895
230;11.926002596732515
230;13.746783202747698
230;15.4409661779354
230;16.504288522044096
230;19.2204160334438
230;19.512550448052462
230;21.973551111370398
231;9.430235491335115
231;9.882032202406084
231;10.445411805735331
231;11.767736767172734
231;12.467614487459954
231;14.145534571690593
231;14.218156228271315
231;14.432824602295815
231;15.900133789866468
231;20.69760758687491
232;8.11329026487843
232;12.942900970400018
232;13.138897483415388
232;13.35057179190958
232;13.451227097407674
232;14.457006659020578
232;16.8778867447478
232;17.827028787561684
232;20.03778425827496
232;20.436826615645433
233;2.101097838561409
233;3.357547149900126
233;3.7246379519445845
233;8.154243664095116
233;10.437958199614457
233;15.50154435458902
233;15.610298340444745
233;15.972012720371751
233;16.093176911227605
233;16.627737010726943
233;16.996082956514183
233;17.91759820549833
233;18.4954239668774
233;23.673327742697932
234;8.793813237984793
234;12.656142341625195
234;12.894922253657517
234;14.060744677793465
234;14.356902462870444
234;16.66605086409876
234;16.68239309713133
234;16.803084377142806
234;17.37056736460109
234;18.03111594146586
234;18.473270548004905
234;18.610820539116705
234;18.7829584748106
234;19.352805874198395
235;4.523172786195606
235;6.63829418293834
235;11.112987449909424
235;11.574898557078486
235;11.633594554951927
235;11.658622483441384
235;11.914907319894047
235;12.972818651504843
235;14.795147350122772
235;16.272964618977273
235;16.742136218078148
235;17.529549269040643
235;19.917746503847077
235;23.93888734628225
236;1.7190959025487755
236;1.7464653925970577
236;2.0498915841428476
236;9.838711831624481
236;10.489164447469634
236;11.59587068691093
236;11.925657337882974
236;14.61726658281231
236;15.437827192982912
236;16.271605524040144
236;16.638537599530277
236;17.490142761081472
236;17.492660077535824
236;17.9085733743235
236;18.486885089089483
236;18.941782028376938
236;19.07446331057428
236;20.290349498286584
236;23.814892173786575
237;11.658957016226896
237;12.804431451400133
237;14.051443031361327
237;14.472420586418117
237;14.67026847511262
237;14.843479045680732
237;16.329789558501073
237;17.9033968911321
237;18.166468281159098
237;18.893316159555464
237;20.364137593248145
237;20.619931253449074
238;0.2509268269194432
238;6.601141662573158
238;10.339429571804487
238;12.362133128110624
238;17.786222125201782
238;18.898219931444554
238;23.026320162975935
239;0.12576306234657086
239;7.207979869598159
239;13.167882288637013
239;14.576889111413893
239;15.017675564554718
239;16.105991769788794
239;16.57337876297293
239;16.99361358245073
239;18.211643553517465
239;18.449626633117294
239;19.415342990480173
240;4.124220020407467
240;8.146525004149872
240;8.96852502693551
240;10.49486948556577
240;13.459462509688551
240;15.712083853750778
240;17.740634989566495
240;17.75541667555624
240;18.16300866119324
241;15.926687780044656
241;16.067597601205957
241;16.794919549973297
241;18.803599593566336
241;18.981131709850175
241;20.839289830452387
241;22.532090837170042
241;23.091434133034266
242;9.525061730727044
242;10.053636162822794
242;11.798089349708496
242;13.857329513242227
242;14.88280393334122
242;16.011351065722522
242;16.14812712311031
242;16.545764142687855
242;17.593709427242235
242;18.25339308362843
242;19.856865291343663
243;0.07013909797292811
243;0.9452898642823789
243;11.354975700480328
243;12.113829204983853
243;15.893330582042688
243;16.93552725164296
243;18.9813832156396
243;20.146377303826075
243;21.78771775967857
243;22.87249794453623
243;23.176361727609844
244;0.21138044415486296
244;1.3323976035881377
244;1.5463865430377934
244;3.5261622299402524
244;4.8392032964692175
244;11.922475246034422
244;12.05957249069152
244;12.409443911982326
244;14.158353819523366
244;17.023036840595758
244;17.393964656551454
244;17.421539797753415
244;23.25865159793788
245;4.238115775898835
245;7.508961312694568
245;9.903440281328171
245;11.538228177934613
245;12.292042538249916
245;15.115840875806995
245;16.553803257699908
245;21.005385740591315
245;22.11152774067987
246;10.225291964483667
246;11.371860251568851
246;13.055236219502737
246;14.771910785613068
246;16.632919286367514
246;17.210910820659876
246;17.971787736297234
246;20.593616193443093
246;23.56688861830378
247;11.41076464964932
247;16.522375184604567
247;16.73524860180041
247;17.01728857381987
247;18.669272036359192
247;20.955816774134558
247;23.28083362982909
248;9.770409651522806
248;10.390041287188481
248;11.140032925019991
248;12.217733307816228
248;12.869182531476909
248;13.956033904994843
248;15.336756334329246
248;15.61805703854473
248;16.352311912225353
249;2.0674858841396215
249;4.530753335550914
249;4.769677650913218
249;11.313147090846032
249;12.440204736599366
249;12.53356893230442
249;15.426580491224481
249;16.011815037325064
249;19.345684416101513
249;20.191470521742723
249;20.344243764347755
249;20.88206739589323
249;21.93650659920099
250;2.4825685603757464
250;3.7584552320835036
250;8.239472163984848
250;12.571600586466115
250;13.690055752402058
250;13.83615225945617
250;13.86946947422943
250;15.35010434636662
250;20.42087098933892
250;23.91518138592043
251;8.8480835385526
251;11.299191505259795
251;13.742416906261015
251;13.797221282450396
251;14.19149015576246
251;15.597390076971001
251;17.941327065003556
251;19.541434859010383
251;19.84784510958814
252;4.890072915957584
252;12.362938559365057
252;12.51904082268305
252;12.888227402421023
252;13.344777301423711
252;15.040986376540896
252;17.239437246873816
252;18.367247393121673
252;18.67055233211549
252;19.465179504911298
252;19.699564303730046
253;2.60967174432247
253;10.271411335396646
253;11.50502469183699
253;12.489512290509014
253;12.66678813297925
253;13.255204262284344
253;13.427710664013883
253;15.318556477944947
253;16.198883381535005
253;16.477314811415813
253;16.75145808677904
253;17.091553169454812
253;17.564684511818083
253;18.20515918277785
253;18.686168623870717
253;20.52502878505781
253;20.59325792927709
253;21.468462291863744
254;1.2043170341773808
254;12.264318547817345
254;14.552018976995615
254;14.889490327796377
254;15.19768076569458
254;15.436272014955899
254;17.91750487125639
254;18.28220131591672
254;20.49618266512999
254;21.09855825292488
254;21.183829916707207
255;0.47805639370484304
255;8.880395848497708
255;9.17335568985403
255;10.181776270334424
255;14.681088659501452
255;14.898949904520562
255;15.009220545659216
255;16.02820508378661
255;19.408491402840284
255;19.635414600843237
255;20.934053710725067
255;23.69212562434503
256;0.11027224411339952
256;0.1572401372258851
256;10.793219194789007
256;10.860700667737753
256;11.34588030592731
256;13.068284083742235
256;13.519929109467444
256;13.53301948888167
256;14.623113032337995
256;15.067987427035675
256;15.253653510540188
256;19.709009242673094
256;19.993883593511917
256;23.035289070050737
257;9.73364991548442
257;13.136538173937144
257;13.409826565594893
257;13.772473309113714
257;13.797343392531033
257;16.89322602146044
257;19.89669324500339
257;21.801863934003958
257;22.104916100931096
257;22.635996568624613
258;0.8445589576535893
258;2.566652106204973
258;4.861970816002246
258;6.698733648624389
258;8.242821390735449
258;10.127887286002434
258;11.385970241942585
258;12.550190774043756
258;20.142764567369213
258;20.408006049246456
258;23.6617065355955
259;8.841642776324921
259;10.897827594031078
259;11.876872921764114
259;15.019035364294657
259;16.9645747266122
259;17.024070553862813
259;22.69500387900486
259;22.71553014521898
260;0.9255907637444495
260;7.0365182551383425
260;11.829920255406837
260;12.646845545803444
260;12.811190491019037
260;14.02040054353165
260;14.05121698956836
260;14.60128536828326
260;19.899856340213823
261;0.6833506939714921
261;1.5706662863066363
261;10.246580885672376
261;13.051190290203534
261;16.243560067321532
261;16.517955911762026
261;17.31338544791085
261;19.768970813872933
261;22.101961602349895
262;0.2194470449332832
262;7.338668654590567
262;8.763657971647673
262;8.865198203408175
262;11.626815840744326
262;12.265845680800012
262;13.062272337343877
262;14.305643623056618
262;15.569091435672282
262;15.825352803442378
262;17.855896881045254
262;18.498266153804945
262;19.99637365255206
263;9.407689443283605
263;11.13332652644382
263;11.820929622502556
263;13.3599987535191
263;14.26922721752774
263;15.006255718191214
263;16.473402180064063
263;19.918100722576813
263;21.19620399328652
263;21.430330402644184
263;23.493347385740815
264;0.0599731636642983
264;0.2274684101985258
264;9.457843788203608
264;10.23036882090859
264;12.766603446072073
264;13.71695258539227
264;14.21030753711341
264;14.671964866534934
264;14.724551012962689
264;15.609697936974996
264;17.593360082058986
264;17.70558115941191
264;17.852753890608092
264;18.869554906629578
264;20.669939842597323
264;23.49516426263667
265;0.457022764015743
265;0.6167511303816684
265;3.762389655775093
265;5.720616977736999
265;5.732249550032638
265;10.557225039197162
265;15.015231680853484
265;15.57593749228325
265;15.979473087695835
265;16.85171896497378
265;19.407665190546854
265;22.813318306336445
266;2.9662025374569976
266;7.4983660529847675
266;10.935169639024457
266;11.32311905560136
266;11.839680847838295
266;14.091353322477296
266;17.13596366142457
266;17.40591272913395
266;17.85552462987619
266;17.86350292936972
266;18.624154845375482
266;18.945703382023865
266;20.674338477002728
266;23.59430277727152
266;23.834680702398053
266;23.997628043299056
267;11.050322279932578
267;11.812877119899895
267;13.08115809425797
267;16.99056644575826
267;18.862959204003687
267;19.4633155378705
267;19.605143860743347
267;20.98994732997165
267;22.027531256794905
267;22.088617178698353
268;3.35489069008541
268;7.33159303826789
268;10.285725484281036
268;12.65995546538073
268;16.198217038993914
268;17.262682259832932
268;17.74795932823647
268;17.897314489976193
268;17.9956640013977
268;18.52001903713281
268;20.183416660716325
268;23.0137056512703
268;23.456340277746886
268;23.62063837401261
269;0.6844739614168495
269;5.906485687019657
269;11.044943401955514
269;12.235489904267782
269;12.817856136129143
269;14.156344454572016
269;14.533179477427053
269;15.764370724722674
269;17.909262087869404
269;19.337563476592905
269;20.792339145588684
269;21.654627499474046
270;7.034621314606802
270;15.500695880159343
270;17.172713380817694
270;18.28126347368044
270;18.48870277065974
270;19.004447295125054
270;19.72664583255796
270;20.329003960941158
270;21.606765529677862
270;23.81590523331596
271;0.5913813787881074
271;2.192397047097573
271;2.8926849487849515
271;5.471752370255334
271;9.451909351180223
271;10.893222970977186
271;17.97875359038735
272;4.411759224426152
272;8.667172250316032
272;14.766416002352369
272;15.057177215058228
272;15.937435705132215
272;16.592571559961648
272;21.96661311015967
273;5.413260952393674
273;7.707530598418428
273;9.801191541081497
273;10.211847565630396
273;11.516836821933039
273;13.91807877955442
273;13.967110394448996
273;14.230134401454746
273;18.77894592230129
274;3.4820730007130414
274;9.036647805785668
274;11.245628671236881
274;11.736804231108257
274;15.820190078443924
274;17.02924301889443
274;18.464487064335458
274;18.47969372088982
274;21.960457256325352
275;3.253500399040474
275;9.884466890511828
275;12.224201460923602
275;12.517374355167583
275;14.29772654888652
275;14.422453234539484
275;15.85416646927419
275;15.857144400751203
275;17.56937890100139
275;18.463283243875743
275;18.774680302977686
275;20.971224793812844
275;21.923232326261516
276;8.200453767246717
276;8.980438225799384
276;13.891042713325907
276;18.05783618644186
276;18.55236086482869
276;22.29163784764079
277;6.975731616102928
277;9.491226663588874
277;10.504350760773658
277;11.105871999480799
277;17.59515626414776
277;17.97344951155596
277;22.636790610222878
277;23.815252507820997
278;11.477176077209151
278;14.197584006151434
278;14.404995852613705
278;15.416074118990311
278;16.65073685256121
278;17.252485759731055
278;17.258747079965644
278;17.762746210320582
278;20.522910824575675
278;20.64690411417326
278;20.85979019438637
278;23.728391194942354
279;3.077402170289458
279;8.322553461227326
279;9.816195258538727
279;11.50595013165821
279;14.32028401990306
279;14.71742317615415
279;16.806837561476673
279;17.461105568445145
279;18.37363001765794
279;20.411155627812366
279;20.983267636619964
280;8.282161089969133
280;11.208549269340145
280;12.779999450561949
280;13.256385415311062
280;14.779095610898707
280;15.132206264216302
280;17.001687070819216
280;17.016464795505044
280;17.249766060438574
280;18.31359964447708
280;20.208120984900795
280;21.66876091521499
281;7.153373899948895
281;14.617326892656875
281;15.352241007918627
281;16.958653542714
281;17.825358208343886
281;19.352847455053737
281;19.75534440510033
281;19.93866450844405
282;10.4127157996271
282;13.198371800363475
282;13.649266618628015
282;14.759526323544641
282;15.318463880509228
282;15.53768432344379
282;16.14427554474254
282;16.52511260903586
282;16.54321556993163
282;17.085802475928908
282;20.871906769755064
283;2.1041064678499803
283;8.322354547110962
283;9.583486248798401
283;10.211433633602919
283;14.896919720306155
283;15.844533871244572
283;16.116431828688302
283;16.426348914423613
283;21.016176605457407
283;21.707845803119554
283;21.99388560541206
283;22.559709468282822
284;4.323840708752819
284;10.376718300351452
284;11.378720915001441
284;13.800322766149426
284;14.710402800580516
284;15.335971460847903
284;15.477147017067937
284;17.97932987779892
284;18.417111242540336
284;19.837142273858838
285;10.872100261003427
285;11.219654541973734
285;15.803197758937397
285;16.954025842263214
285;17.121963627713416
285;19.09204564761082
286;3.569710766081568
286;9.112694059006268
286;11.48584839063662
286;11.527144744748496
286;17.329912717204277
286;17.820928787293905
286;17.851914227330315
286;20.32573022562613
287;10.350489109886562
287;12.595787787216583
287;12.600504474239624
287;12.713201360218676
287;13.954285657924308
287;14.459284630496425
287;16.87391387915766
287;19.690537433508045
288;11.078417038107036
288;13.10935885850131
288;15.694377836634857
288;16.123855288244975
288;16.25112701871239
288;18.72303014595601
288;19.2501023882947
288;20.131827857279077
288;22.52860780817827
289;0.9701887725821671
289;4.396061825684261
289;8.32156358177028
289;8.835250689935453
289;10.676665308327877
289;11.144180671766508
289;13.364382051716614
289;14.795976806500715
289;14.887404220481164
289;20.92374593181709
290;0.8164884251474094
290;2.3422578459175116
290;2.5260841674111534
290;7.585100351100812
290;9.36316910207064
290;11.044809238593913
290;12.792358165731166
290;14.893912281431705
290;14.910615205959317
290;16.318444775360252
290;16.696406505637636
291;0.27397424423270417
291;10.255289141537208
291;11.658970104745032
291;13.14680118687091
291;13.43301335980352
291;13.777225144552578
291;14.001516898068369
291;14.58271872997755
291;14.728147176670765
291;15.558235223804159
291;16.676546602309333
291;16.817309827722873
291;17.323656075707408
291;17.41707664360966
291;18.396167903998773
291;19.95956877384585
291;22.034390349701567
292;4.585134563429694
292;7.075085200780535
292;10.446673242737177
292;11.103045856817007
292;11.246814757797853
292;11.81012068421367
292;11.924616749773183
292;16.116317788295763
292;17.61547416479415
292;17.75249005453028
292;19.97259196707981
292;20.796423232870954
293;6.699572444239764
293;9.777354089501332
293;13.297540726983645
293;13.631865716500883
293;14.224454239286834
293;14.784235992841872
293;14.909388945066992
293;15.370666488188446
293;16.56266094924815
293;17.28609569535778
293;20.361798989417547
293;20.962346593002874
293;22.066872486695367
293;23.097486048228955
294;1.5541236299603742
294;2.817689384540215
294;4.038846021639024
294;12.94761011213086
294;13.5934125144765
294;14.712306204755622
294;14.781792529766552
294;14.967747853161137
294;15.084741853018558
294;16.93084444341431
294;17.057405057973448
294;17.98760893152066
294;18.21713083321406
294;18.662297391162245
294;22.957201392017318
295;2.3527594485345733
295;13.28240267326095
295;14.46643991913242
295;14.478155829202546
295;15.125643816046523
295;15.151292583649825
295;15.577150181879661
295;16.30545867312924
295;17.273536378919914
295;17.622735557395107
295;18.71163781577682
295;19.459277246321985
295;20.695961619972945
295;21.149587767770605
295;21.581741974221185
296;1.7267267105921187
296;4.228784550830526
296;9.960339434474504
296;11.444816370168416
296;14.750711639264665
296;17.142784359324377
296;17.89249443571107
296;18.19766833007854
296;19.6495514015729
296;21.678855034483405
297;0.6942555143545673
297;11.330035091508607
297;13.68695697601189
297;14.916571349987507
297;15.961196750573919
297;16.221249046954476
297;17.425943562688776
297;19.793549334533104
298;3.3563218657253464
298;12.216379480042479
298;13.49427573801468
298;13.898031170760238
298;14.404407513460402
298;23.723260882640602
299;3.2151161636682963
299;10.921343013999316
299;12.37959451943981
299;13.465321070842037
299;14.036858903779507
299;14.982054353312677
299;14.99033114165762
299;17.351125942422982
299;18.432701443048206
299;18.466179406165697
299;21.39690927810994
299;21.765548014866255
299;21.844423186670056
299;23.38066074657699
300;11.889909399613686
300;12.046672518296237
300;12.163488149368208
300;15.081609211463464
300;16.98240844579334
300;19.289582170155107
300;20.346201414932498
300;21.546496239825046
300;22.92975020051109
301;1.515176396005125
301;9.514264087662564
301;12.310050383572264
301;13.8895413749847
301;14.911626530108132
301;15.519299811460968
301;15.9549692128434
301;16.32112469263922
301;16.70040933997618
301;18.122333740319288
301;20.30583536190286
301;22.42515391967393
301;23.087115524283682
301;23.49804803012205
302;8.002950736763777
302;14.892856074494443
302;14.912499791069592
302;15.242702941594485
302;16.973585121301696
302;18.632902116802008
302;19.020218734987708
302;20.361862987384004
302;22.424736091613376
303;2.872288363048175
303;7.84840607499605
303;9.681017291056571
303;10.475675674892964
303;10.987831251909492
303;11.140119231872493
303;12.830118990183383
303;14.322725781448447
303;15.688976940423021
303;15.692537304834552
303;16.32895391761225
303;16.47013671694647
303;17.329353441376995
304;0.8526463166055525
304;5.27154845662756
304;8.708077051288681
304;12.115426642705952
304;16.52695987526052
304;16.892442489008975
304;19.015614505481715
305;12.259811544400536
305;12.46398019529264
305;13.59838721835082
305;15.63704836065881
305;16.162942402436585
305;16.80027093558399
305;18.577646043133807
305;18.71864070117555
305;19.380046676096004
305;20.8352681300868
305;21.472409768616473
306;4.123887234940776
306;10.73051502608217
306;15.492418565256072
306;16.314287660817932
306;16.435921796240503
306;20.168669901152867
307;0.3430721244392936
307;4.984472983193172
307;11.532622105939065
307;14.620049668748907
307;16.325405040179195
307;17.284568269064433
307;18.54023182794869
307;21.929379220966947
308;0.2515244212678556
308;1.325439743990596
308;9.074155856563515
308;10.798654875914883
308;11.306981011827748
308;11.30819796361005
308;11.723509695532796
308;13.483002221070926
308;16.021298323773014
308;18.121174118987962
308;18.2769930835191
308;18.377478510264005
308;20.65702314450934
308;21.394818871324386
308;22.21851893723426
308;22.224097875531026
308;22.51314028975249
308;22.919143549881
308;23.27483797674366
309;0.8623012306584726
309;10.165372498522592
309;13.002539971723282
309;15.958355826779798
309;16.59328835298771
309;18.10349335642957
309;19.01868690753191
309;19.099472910308627
309;19.231964226964447
309;19.678001235289226
310;10.352434299220251
310;12.321313370697371
310;12.85845756797628
310;14.487060502609856
310;15.750332939212674
310;15.8003426083969
310;16.29365334495221
310;18.06959394783458
310;18.18096984227174
310;22.015120791273663
311;9.97095906548202
311;13.199271205004766
311;13.366819365878174
311;14.442113547450713
311;15.874661687297529
311;18.50570684368201
311;18.642824533376736
311;21.69237009227249
311;22.569473670440708
312;0.8985954221378215
312;9.132141352269338
312;12.015032939691219
312;12.616047100725206
312;13.95530159277667
312;14.374342773065676
313;0.4752242182435524
313;9.990503111735961
313;10.99897736812651
313;14.171469451244139
313;15.725701093311281
313;18.942370515029733
313;19.230625972236833
313;19.782587296099003
313;19.93810790341748
313;20.656479716642707
313;21.760910508661155
314;0.09271515458997534
314;3.6060313723681765
314;10.229609057663653
314;10.819719340879095
314;11.14568876859445
314;11.882836651008693
314;12.861956820490342
314;13.628312483463962
314;16.50761282040979
314;16.846822865432337
314;17.37407420877349
314;17.684437781255596
314;18.297849029520687
314;18.97072828056591
314;20.386598222268532
314;21.01330777493968
314;21.774787145286663
315;1.3505320733936712
315;11.574601501435115
315;11.77599947584904
315;12.097126248893714
315;12.343058384884674
315;14.029396900459808
315;14.324349873066165
315;15.425071173644472
315;15.679604064426703
315;17.63120605849251
315;18.12528707676721
315;19.73513055835811
315;19.989572077669184
315;20.685292518003532
315;21.476678215371777
315;23.841613266057685
316;6.905108001272508
316;11.913370753195691
316;12.252277927830532
316;14.305485155324009
316;15.765659092103418
316;16.656609522968147
316;17.937856509603186
316;18.06235275776526
316;18.278697187691265
316;19.011861852587568
316;21.238149267146635
316;21.70379779837711
316;23.03205577120688
317;0.7461028051321508
317;11.896581503113246
317;11.984395002731462
317;14.526700299166079
317;19.683797852912708
317;20.211861642933616
318;2.6985663064563505
318;4.917716419681992
318;11.199628834117194
318;12.169452593416521
318;13.57424432312647
318;13.936642894807846
318;15.338858246053658
318;15.520762616754107
318;16.427823242582065
318;17.194689114799743
318;19.71454468505872
318;20.909817936811635
319;0.8678018827111537
319;3.9999464084793153
319;7.170446261341398
319;11.466854481216291
319;12.339801411513793
319;13.406924436298167
319;14.513428494890514
319;16.46516549414999
319;17.480745864599424
319;18.157537753008054
319;18.395948448447463
319;20.257288448946674
320;2.4839730961166127
320;3.1763739561518896
320;8.139886272462963
320;13.51871215086441
320;14.576074801283196
320;15.499367909690678
320;15.573474943910346
320;16.419985596533333
320;17.67335835543725
320;17.876371807681156
320;23.74430008806466
321;0.3477389028227083
321;8.071304360303921
321;9.232407452708436
321;9.549770143148304
321;10.262461875002138
321;11.022715137209932
321;11.989327150574708
321;12.447878668322444
321;14.28690626303806
321;16.193220159388815
321;18.05091220850387
321;19.88647846891286
321;20.463181229520853
321;20.914753083409668
321;21.17982898228805
321;22.506361015328743
321;22.76077852403739
322;2.3308295081202934
322;12.800504321066464
322;14.671218209087423
322;14.823473998626804
322;14.848820551611277
322;15.321349592047477
322;22.980674109597683
322;23.700039520461097
323;7.944359628236609
323;11.164167540507814
323;12.532877742563217
323;13.250925638638364
323;13.564301508985837
323;18.24389592463379
323;18.33673273572488
323;18.703756087194595
323;19.24010032337424
324;0.49266683369668574
324;8.714454537965747
324;9.651567603759428
324;10.101067488141048
324;13.562571301307155
324;15.493161658374367
324;15.537395189529335
324;17.997734762652467
324;19.237914218664514
324;20.247147840656517
324;22.924828736592126
324;23.02521250682882
324;23.787448640919898
324;23.962664571687924
325;7.532508268262847
325;9.546527787687989
325;10.917997004058016
325;11.461861420668017
325;13.837071357076477
325;13.900985480222703
325;14.31390309318849
325;15.376183540081309
325;17.106581843146603
325;18.303299484430354
325;20.31859753811288
325;20.364096633633697
325;20.926442198707594
325;21.01143514019623
325;22.84469032127449
326;13.508965284641496
326;13.527245987044111
326;14.28059749672391
326;14.286474131074387
326;15.414148362519642
326;15.643042187912101
326;17.006996663071376
326;17.22975556951536
326;19.676186895495995
326;20.04961412035505
326;20.87936497848157
326;21.504383080344876
327;3.006727301493681
327;8.218717693409026
327;12.570502548471062
327;12.810439932266403
327;13.779603670779686
327;15.585552114837812
327;21.02641480445482
327;23.714691747107018
328;0.2158380650772332
328;9.102621863562849
328;9.31710708228236
328;12.02356888307811
328;14.547315131828675
328;15.508058273744412
328;16.262798987387946
328;19.883917010255182
328;19.884070208162093
328;19.89925950318091
328;20.432899643590133
328;22.03702345649716
328;23.820905384863146
329;1.824672475444554
329;3.9716399667021114
329;5.7411696417972315
329;11.338561846067702
329;11.925785994863826
329;13.066275175313287
329;15.17548629028316
329;16.235454499572306
329;16.802691537517678
329;17.015329573364298
329;17.664543005010636
329;18.547594258918497
330;10.17850063890173
330;10.807556693357405
330;11.121880601648549
330;11.507295035370666
330;11.874740935236732
330;11.997069791061499
330;12.778363073310002
330;13.276929294045257
330;15.938283943748498
330;17.684748445935913
330;17.832648696739195
330;20.769533539035734
330;20.991367380793903
330;23.980492472285277
331;4.794707404888653
331;5.624411182847897
331;12.529634589412726
331;15.272492597071704
331;17.367724902440337
331;17.958575321546334
331;18.299500343269347
332;11.870539025717967
332;14.355674321389067
332;14.408392679115117
332;14.980698009266106
332;16.833256092370164
332;17.764812335229337
332;18.13649927063725
332;20.58781447501309
332;21.22250442824836
332;21.223514412218872
332;21.890346890082988
333;13.70632641178637
333;15.036626664705885
333;15.318364054786258
333;16.599988920802847
333;18.01376563353869
333;19.47335826535155
333;19.588958457835908
333;20.034791580681542
334;1.1348065901375342
334;9.409518603822852
334;9.917481682035556
334;10.61112980109641
334;11.959670097653404
334;14.488905769774878
334;14.763009920969113
334;14.894327313272544
334;15.446113008251068
334;18.32338167016488
334;18.734414269774952
334;18.89053404079986
334;18.968939168525534
334;19.648704547429062
334;19.709305786121533
334;21.424538436934807
335;0.01857264154130627
335;3.354809835776775
335;10.320219073714828
335;11.516399208389592
335;13.42718354605848
335;13.779029397048602
335;15.433780537419278
335;16.210967316422785
335;17.629292137206356
335;18.4118427258954
335;19.43175404607584
335;19.498785148079037
335;20.677990232229487
335;20.971301785762105
335;21.351595970887402
335;22.86988540678992
336;1.2862789899446763
336;3.904838685629199
336;5.100674940177331
336;10.810262385695394
336;15.462665679217993
336;16.915103609565143
336;17.00202255253713
336;19.513187443210438
336;19.6236373834335
336;20.640304255691184
337;7.908046226151868
337;9.1100097826785
337;9.48859263429569
337;12.126473945835933
337;15.644755264248788
337;16.08619008309182
337;16.371885955754724
337;16.5894676505377
337;21.63830923717271
337;23.680423071530754
338;9.988646424103342
338;10.685902791592863
338;10.795198730317182
338;11.767001804825405
338;12.14018068419658
338;13.311930266208465
338;14.317734079616415
338;14.74464734493664
338;15.17956276145828
338;15.207215354971215
338;15.823557454907931
338;16.253732551107017
338;17.352422287816662
338;20.17515365309419
338;21.625831567654032
338;21.844653510149584
339;9.892991124115118
339;12.74925378252971
339;13.415065063227088
339;13.953931317965003
339;17.150905495200927
339;17.752623476876863
339;19.130601450993566
340;10.126483775142876
340;10.196909339002456
340;10.907714605637349
340;11.330851725552238
340;14.976264948324001
340;15.883298591335926
340;15.945687535363152
340;17.555082570013628
340;19.111602307848248
340;20.999408992852988
341;10.065698706103165
341;13.47272143348343
341;15.214724399565881
341;15.499362365215786
341;15.667191586662316
341;15.949248332459213
341;16.199932481150864
341;17.125973899907553
341;18.552053865938703
341;19.6646477334672
341;19.75629164859412
341;20.567572261336515
342;10.235295374265258
342;12.234325038538579
342;13.022680586043727
342;14.471926316856486
342;14.849216325444452
342;14.947991183203493
342;15.800577840573084
342;16.178925845388168
342;16.888524987116075
342;20.13674796213785
342;22.581094790288113
343;3.269794083961512
343;3.9752776219064407
343;8.721062245438022
343;10.160624028010247
343;11.919844564132937
343;12.49495189059818
343;13.25449105831459
343;18.000577396050705
343;18.166670930940185
343;18.470422278597177
343;18.84248065091384
343;20.849145013376052
343;23.795221432638037
344;8.949618394066556
344;10.198004793704387
344;13.34837161398721
344;14.869103924164474
344;16.277938813574977
344;18.376491474511813
344;19.843040290378553
344;20.8584936713267
344;20.91827544174702
344;23.206840611482185
345;2.0888190299279343
345;8.566569487853661
345;9.772671452697702
345;11.302666961523462
345;11.593935599391335
345;13.276497455693729
345;13.376297779078225
345;15.902707302903249
345;16.17000021635658
345;16.54571254599206
345;19.355182886588626
345;23.885605445187064
346;9.852355151943673
346;10.644430903155902
346;14.201755066699373
346;15.93320795385368
346;17.112770172700145
346;20.460026096440043
346;23.936220490650918
347;2.719047960529649
347;5.418257416377518
347;8.885861290296992
347;9.094836144427422
347;10.2338923102126
347;11.043745904141561
347;14.076918666710023
347;16.601446516763605
347;21.65381078646513
347;22.727812016230576
348;2.947668757253855
348;9.331022560242314
348;10.067216281219649
348;13.425315519116525
348;13.748619849844758
348;15.421980345939234
348;15.598559920951232
348;15.72621586372395
348;17.135510390955854
348;18.098341458385043
348;18.895129566645462
348;21.691285809195104
348;22.898656260020804
349;8.671138035447756
349;14.398282612251297
349;19.082060375441785
349;19.595928296541576
349;20.535896226907493
349;23.560304817396137
350;10.411071816105439
350;12.486915113977442
350;14.460718063454372
350;16.889623097373132
350;17.45463766315038
350;18.485185465489007
350;19.611845092569
350;21.6945064908866
351;8.250363924778886
351;10.688071217461461
351;15.621153011017427
351;17.07171058141659
351;17.758988717255047
351;18.928881384566704
352;0.2792768017082959
352;6.6299173563907186
352;10.876501195732999
352;12.63771903280123
352;13.267406740396757
352;13.572451240457614
352;14.251483865927423
352;14.451652063427362
352;16.45138509597158
352;17.93674561738342
352;18.63084677251062
352;18.886887280643595
352;23.17720583974127
353;3.124613627236483
353;16.283828006919236
353;16.398923022422892
353;16.70219342446529
353;16.7965343436158
353;18.53965918998815
353;18.776429692933682
353;23.1149079502192
354;0.8737898194885928
354;5.900396319963537
354;6.3344160549345
354;10.282856454927504
354;10.768780344492004
354;11.181375498910217
354;14.491774685769593
354;16.960564944335694
354;16.966265741387808
354;19.378106629688908
355;0.5372148370241285
355;4.838205677763935
355;10.210217834079831
355;12.677909308161619
355;14.274726863667142
355;15.025324456578275
355;15.988145772902802
355;16.910302737258398
355;19.39163401450894
355;19.8261865956656
355;23.05496186247562
356;7.912491172668186
356;11.675024601001773
356;14.137904851711008
356;16.1932465178811
356;16.776871944482174
356;17.967461979389345
356;20.028607573044443
356;23.393353821516598
357;11.821601055122331
357;16.593016364868756
357;17.582618512189946
357;18.409903594226485
357;21.546379738012043
357;22.193502238864646
358;3.466227559218948
358;4.871445609575973
358;9.847080577689583
358;11.536221623359177
358;12.487668872487909
358;15.15813714991322
358;16.042262892702563
358;16.77519077896901
358;17.426885078363416
358;17.50916430863009
358;18.090427415877688
358;18.22309303346346
358;19.416253050342505
358;21.330320231363963
359;1.4472850731497662
359;8.493622934135455
359;9.215894182168002
359;11.88496532152826
359;13.18890861218966
359;13.333533069973889
359;13.367269292332955
359;13.84349417552162
359;15.269132817853748
359;18.47162900005117
360;3.035404730211537
360;10.406512367440357
360;11.0489260670433
360;12.616545289161808
360;13.053770968078398
360;14.837692892668066
360;15.055200548263356
360;16.622480418009
360;19.260340572119823
360;20.50608501044959
360;20.635818530711052
360;22.02990296911616
361;5.768267262078215
361;7.632880558630352
361;7.966661531510486
361;11.259036890880267
361;12.600574445376997
361;12.67455716898
361;17.807428733106875
361;18.942537349679345
361;20.39134476114016
361;23.928234626170592
362;10.919639728760623
362;11.030873964093466
362;11.693593572818164
362;12.043289595972723
362;13.094059208127366
362;13.222782235049474
362;13.317406473494055
362;13.797738919358755
362;16.534448633199364
362;22.59606525322895
363;4.339706747445929
363;4.3446255376989775
363;10.56175624324315
363;10.603595686146551
363;10.950915718233539
363;10.970801954856068
363;11.225763999524164
363;13.109694128352924
363;14.670298749036698
363;15.219865994123342
363;16.67318566949086
363;19.097333476416537
363;19.31802904825508
363;19.462552658576314
363;20.238782894129532
363;21.301591047542136
363;22.133700543796962
364;2.9943397899968978
364;5.867882952318386
364;11.356289007131975
364;14.833320142011907
364;15.659614150076875
364;16.28064751275955
364;16.384386070702387
364;16.729689977196706
364;19.650794433713347
364;20.117115361988347
364;22.318178875944007
364;23.833612648129854